"","ID","sex","BANDING_DAY","BANDING_MONTH","BANDING_YEAR","B_COORD_PRECISION","B_REGION","B_LOC","B_LAT_DECIMAL_DEGREES","B_LON_DECIMAL_DEGREES","B_FLYWAY_CHR","BEARING_BBL","DISTANCE_BBL","E_REGION","E_LOC","E_COORD_PRECISION","E_LAT_DECIMAL_DEGREES","E_LON_DECIMAL_DEGREES","E_FLYWAY_CHR","E_PRESENT_CONDITION_CODE","E_COND","E_WHO","ENCOUNTER_DAY","ENCOUNTER_MONTH","ENCOUNTER_YEAR","dist_km","bearing_degs","avg_ExtAg","extB","extE","diffAg","B_TAVG_JULY","B_TMIN_MAY","B_TMIN_JULY","B_TMAX_MAY","B_TMAX_JULY","B_TMAX_AUG","B_TMAX_MAR","B_TMIN_MAR","B_TMAX_JAN","B_TMIN_JAN","B_TMIN_AUG","dispType30","dispType25","B_LAT_DD_10MINBLOCK","B_LON_DD_10MINBLOCK","E_LAT_DD_10MINBLOCK","E_LON_DD_10MINBLOCK","bearing_10MINBLOCK","dist_km_10minblock","E_WHO_BIN"
"1",66,"U",17,6,1972,10,50,"Minnesota",46.41667,-95.25,"Mississippi","SSE",65.8,50,"Minnesota",10,45.58333,-94.58333,"Mississippi",7,"A","Bander",31,7,1973,106.049331097504,150.618648558952,0.668971167496205,0.727681811583684,0.727681811583684,0,-1.48491728305817,2.80858945846558,-1.13332867622375,1.3711074590683,-1.85272622108459,-0.0521761104464531,5.48416233062744,7.8248348236084,3.91418838500977,4.30487775802612,0.663837313652039,1,1,46.4166666666667,-95.25,45.5833333333333,-94.5833333333333,150.618576655971,106.048558162832,"Researcher"
"2",124,"M",19,7,1981,10,47,"Massachusetts",42.58333,-71.75,"Atlantic","SE",68.8,47,"Massachusetts",10,41.91667,-70.75,"Atlantic",5,"D","Public",10,4,1982,110.877160506161,131.564964274128,0.0389146949242754,0.115691682392219,0,-0.115691682392219,0.458224415779114,0.781389713287354,0.649290800094604,1.30895864963531,0.260269224643707,-0.0560842305421829,0.14804607629776,-1.04790723323822,-3.60567092895508,-4.81839990615845,-0.608923256397247,1,1,42.5833333333333,-71.75,41.9166666666667,-70.75,131.565249077007,110.877655053975,"Public"
"3",176,"F",7,8,1980,10,18,"Connecticut",41.75,-73.25,"Atlantic","NW",14.4,18,"Connecticut",10,41.91667,-73.41667,"Atlantic",7,"A","Bander",4,6,1981,23.1164724768256,-36.7363726783569,0.149410032557079,0.290317898098418,0.378284221222238,0.0879663231238206,0.726043462753296,0.931092739105225,0.634799897670746,1.52403461933136,0.861965298652649,1.43796718120575,0.388484746217728,-0.117728143930435,-3.33178806304932,-4.47119092941284,1.84943425655365,0,0,41.75,-73.25,41.9166666666667,-73.4166666666667,-36.7363745115122,23.1160103678547,"Researcher"
"4",215,"F",3,8,1978,10,33,"Idaho",44.58333,-116.08333,"Pacific","NNW",24.4,33,"Idaho",10,44.91667,-116.25,"Pacific",5,"D","Agency",7,5,1979,39.3240773640174,-19.5523364217332,0.0415230993727605,0.0300479024531862,0.151255624909276,0.121207722456089,-0.61632913351059,-0.27619543671608,0.257003664970398,-2.32118844985962,-1.34446918964386,-1.21882915496826,1.85427308082581,0.669734001159668,-5.48935604095459,-7.6697096824646,-0.77280205488205,1,1,44.5833333333333,-116.083333333333,44.9166666666667,-116.25,-19.5523375936091,39.3232908992188,"Researcher"
"5",276,"F",28,7,1986,10,49,"Michigan",42.25,-83.58333,"Mississippi","W",8.5,49,"Michigan",10,42.25,-83.75,"Mississippi",5,"D","Public",10,4,1987,13.7545523128027,-89.9439682903733,0.130661199012919,0.0782406735375236,0.327188271156917,0.248947597619393,0.860767424106598,1.78911519050598,1.45604729652405,0.725344359874725,0.322107672691345,-1.37010192871094,3.44273853302002,1.63710582256317,1.09007287025452,2.15816473960876,-1.05491197109222,0,0,42.25,-83.5833333333333,42.25,-83.75,-89.9439694109859,13.7542772273466,"Public"
"6",287,"F",3,7,1990,10,50,"Minnesota",44.75,-92.75,"Mississippi","NNE",66.1,91,"Wisconsin",10,45.58333,-92.08333,"Mississippi",7,"A","Bander",19,4,1991,106.413532494804,29.2710116066053,0.780349906876844,0.847873421396429,0.477718101320946,-0.370155320075483,-0.40213018655777,-1.20257270336151,0.163544505834579,-1.6178172826767,-0.856772840023041,-0.14260421693325,2.98346638679504,2.66361379623413,0.137908205389977,-0.16717141866684,0.831233382225037,1,1,44.75,-92.75,45.5833333333333,-92.0833333333333,29.2707910192075,106.413725100931,"Researcher"
"7",314,"M",7,6,1991,10,72,"Pennsylvania",40.58333,-76.08333,"Atlantic","E",8.7,72,"Pennsylvania",10,40.58333,-75.91667,"Atlantic",10,"A","Other",19,4,1992,14.1098979875525,89.945789372839,0.137882856728117,0.0203222528668892,0.31557555523298,0.295253302366091,1.13993966579437,3.35601472854614,1.17746794223785,4.33951759338379,1.27750313282013,1.62840032577515,-1.03082633018494,-0.321787625551224,2.01136350631714,2.01232266426086,1.08864259719849,0,0,40.5833333333333,-76.0833333333333,40.5833333333333,-75.9166666666667,89.9457872006435,14.1104617054077,"Public"
"8",351,"F",5,6,1988,10,88,"Virginia",38.91667,-77.41667,"Atlantic",NA,0,88,"Virginia",10,38.91667,-77.41667,"Atlantic",7,"A","Bander",14,5,1989,0,NA,0.313640102578991,0.274640731601103,0.31557555523298,0,NA,NA,NA,NA,NA,0,NA,NA,NA,NA,NA,0,0,38.9166666666667,-77.4166666666667,38.9166666666667,-77.4166666666667,NA,0,"Researcher"
"9",389,"M",18,6,1983,10,72,"Pennsylvania",40.91667,-75.25,"Atlantic","S",103.9,59,"New Jersey",10,39.41667,-75.08333,"Atlantic",5,"D","Public",8,4,1984,167.160711666709,175.07377477949,0.283902210129394,0.00943533168819858,0.153723327043112,0.144287995354914,0.963818192481995,-0.547527194023132,0.373723804950714,-1.20930516719818,1.68717157840729,1.78193068504333,-3.38468360900879,-2.42250323295593,-1.8989189863205,-1.94622325897217,0.978190898895264,1,1,40.9166666666667,-75.25,39.4166666666667,-75.0833333333333,175.073872596762,167.160687516679,"Public"
"10",403,"F",30,5,2000,10,88,"Virginia",38.75,-77.58333,"Atlantic","ENE",42.6,46,"Maryland",10,39.08333,-76.91667,"Atlantic",7,"A","Agency",10,5,2001,68.6454534717073,57.1711874734259,0.026262603704903,0.140659021628683,0.0693859776455218,-0.0712730439831616,-1.54990911483765,1.56215715408325,-0.631121814250946,1.60347032546997,-2.25840616226196,-1.36394691467285,-1.43271541595459,-1.06833708286285,0.381493240594864,-0.0969890728592873,0.147240310907364,1,1,38.75,-77.5833333333333,39.0833333333333,-76.9166666666667,57.1711847625172,68.6461387934964,"Researcher"
"11",425,"U",28,5,1997,10,88,"Virginia",38.75,-77.58333,"Atlantic","S",11.5,88,"Virginia",10,38.58333,-77.58333,"Atlantic",7,"A","Bander",24,5,1998,18.5018915209706,-180,0.447992774310092,0.140659021628683,0.368268253737843,0.227609232109159,0.446378201246262,-2.48052000999451,0.254009932279587,-1.29780173301697,0.582040667533875,-0.301769226789474,0.60246753692627,1.63500559329987,3.71718978881836,4.75516796112061,-0.886466920375824,0,0,38.75,-77.5833333333333,38.5833333333333,-77.5833333333333,-180,18.5015214958253,"Researcher"
"12",426,"F",29,5,1997,10,88,"Virginia",38.75,-77.58333,"Atlantic","NE",14.6,88,"Virginia",10,38.91667,-77.41667,"Atlantic",7,"A","Bander",16,5,1998,23.4893143589384,37.9771646733964,0.0992472471642162,0.140659021628683,0.0381768035999419,-0.102482218028741,0.446378201246262,-2.48052000999451,0.254009932279587,-1.29780173301697,0.582040667533875,-0.301769226789474,0.60246753692627,1.63500559329987,3.71718978881836,4.75516796112061,-0.886466920375824,0,0,38.75,-77.5833333333333,38.9166666666667,-77.4166666666667,37.9788315130148,23.4893797094945,"Researcher"
"13",457,"F",28,5,2003,10,33,"Idaho",43.58333,-116.08333,"Pacific","SW",20.3,33,"Idaho",10,43.41667,-116.41667,"Pacific",7,"A","Public",14,4,2004,32.7057020591104,-124.367336045213,0.186521185142175,0,0.369719843228335,0.369719843228335,3.03444290161133,0.390023916959763,2.78168702125549,0.208274781703949,3.35527420043945,1.88188672065735,5.21535062789917,2.79565501213074,-0.129162952303886,0.531291365623474,2.24604487419128,1,1,43.5833333333333,-116.083333333333,43.4166666666667,-116.416666666667,-124.368942695926,32.7056769636086,"Public"
"14",459,"F",25,6,2003,10,89,"Washington",47.25,-122.08333,"Pacific","NNW",24.3,89,"Washington",10,47.58333,-122.25,"Pacific",3,"D","Public",16,6,2004,39.1353893430176,-18.6851251292266,0.0800954823309301,0.599506459573233,0,-0.599506459573233,1.83497583866119,0.386312037706375,1.07502019405365,-0.045214019715786,2.65823197364807,2.19883990287781,2.74865460395813,2.19724416732788,0.844226658344269,1.56627082824707,0.461643487215042,1,1,47.25,-122.083333333333,47.5833333333333,-122.25,-18.684602700032,39.1356593236638,"Public"
"15",481,"M",17,6,2004,10,33,"Idaho",43.41667,-114.58333,"Pacific","W",83.6,33,"Idaho",10,43.41667,-116.25,"Pacific",7,"A","Agency",3,5,2005,134.977722572817,-89.4272284060538,0.00997800283618254,0,0.0795471040789665,0.0795471040789665,0.410327613353729,0.547424852848053,0.904441297054291,-0.748196363449097,-0.108612716197968,-0.645657360553741,2.61398124694824,2.04751586914062,2.47567963600159,2.33275437355042,0.519478917121887,1,1,43.4166666666667,-114.583333333333,43.4166666666667,-116.25,-89.4272295868948,134.977460031084,"Researcher"
"16",491,"F",1,6,2002,10,33,"Idaho",43.41667,-116.25,"Pacific","SE",54.3,33,"Idaho",10,42.91667,-115.41667,"Pacific",5,"D","Public",15,5,2003,87.6227431705432,129.055695804597,0.144830889824358,0.0795471040789665,0.0438380026128611,-0.0357091014661054,2.348477602005,-0.124445982277393,2.47690343856812,0.179798439145088,2.36031126976013,-1.0276095867157,2.15111207962036,2.70673537254333,4.66218948364258,5.38576602935791,-0.878103315830231,1,1,43.4166666666667,-116.25,42.9166666666667,-115.416666666667,129.055580771144,87.6229556325198,"Public"
"17",509,"M",16,6,2004,10,72,"Pennsylvania",40.58333,-75.91667,"Atlantic","WSW",36.8,72,"Pennsylvania",10,40.41667,-76.58333,"Atlantic",5,"D","Public",16,4,2005,59.4642551021511,-107.916202415477,0.408370548103114,0.345768616635216,0.107998258092611,-0.237770358542604,-0.332680523395538,3.63004660606384,0.677057385444641,3.12818241119385,-1.26539385318756,-0.841119527816772,-2.00617051124573,-1.46325957775116,-0.151241898536682,0.471614688634872,0.893421232700348,1,1,40.5833333333333,-75.9166666666667,40.4166666666667,-76.5833333333333,-107.916708644257,59.4650225448822,"Public"
"18",519,"F",1,6,2002,10,72,"Pennsylvania",40.58333,-75.91667,"Atlantic","E",8.7,72,"Pennsylvania",10,40.58333,-75.75,"Atlantic",4,"D","Public",8,4,2003,14.1107446150433,89.9457861200686,0.558903427824897,0.345768616635216,0.585426041515459,0.239657424880244,1.41404986381531,-0.696885228157043,1.21967589855194,-0.603821933269501,1.53757405281067,2.35813617706299,1.57868540287018,-0.364226400852203,-2.4784939289093,-1.49129903316498,1.62433552742004,0,0,40.5833333333333,-75.9166666666667,40.5833333333333,-75.75,89.9457872006435,14.1104617054089,"Public"
"19",525,"M",23,6,2001,10,72,"Pennsylvania",40.75,-75.75,"Atlantic","ENE",28.5,72,"Pennsylvania",10,40.91667,-75.25,"Atlantic",7,"A","Public",6,6,2002,46.0560684348699,66.1412333960229,0.144941210625635,0.0175642328349543,0.138626796341994,0.12106256350704,-1.37979984283447,0.893723428249359,-1.44954526424408,0.864555180072784,-1.35509037971497,1.62492036819458,2.11007833480835,1.19034945964813,4.37666940689087,4.13984251022339,1.90442943572998,1,1,40.75,-75.75,40.9166666666667,-75.25,66.141655617208,46.0559206408595,"Public"
"20",536,"M",21,5,2003,10,25,"Florida",29.25,-82.58333,"Atlantic","E",10,25,"Florida",10,29.25,-82.41667,"Atlantic",4,"D","Public",12,7,2004,16.1999375967495,89.9592831699796,0.553690666279576,0.187690521120627,0.718536797793584,0.530846276672957,0.135852918028831,2.14636015892029,0.753332912921906,1.1559065580368,-0.238638311624527,-0.485147893428802,1.38451242446899,0.573393940925598,0.434224605560303,-0.818020582199097,0.890156507492065,0,0,29.25,-82.5833333333333,29.25,-82.4166666666667,89.9592815412395,16.2005856200636,"Public"
"21",548,"U",8,6,2005,10,33,"Idaho",43.41667,-116.25,"Pacific","NNW",82.2,33,"Idaho",10,44.58333,-116.58333,"Pacific",3,"D","Public",23,4,2006,132.358088880818,-11.5378140582019,0.0769553570250333,0.0795471040789665,0.22383509943388,0.144287995354914,1.03643679618835,1.16079986095428,1.08854484558105,-0.725016176700592,1.13744330406189,1.59953367710114,-0.983658313751221,0.297873914241791,2.34168434143066,3.17378306388855,0.936444103717804,1,1,43.4166666666667,-116.25,44.5833333333333,-116.583333333333,-11.5378614814966,132.35886835425,"Public"
"22",549,"U",1,5,2005,10,33,"Idaho",43.58333,-116.08333,"Pacific","W",8.3,33,"Idaho",10,43.58333,-116.25,"Pacific",7,"A","Public",11,5,2006,13.4611609981411,-89.9425480947054,0.0181863426165937,0,0,0,1.03643679618835,1.16079986095428,1.08854484558105,-0.725016176700592,1.13744330406189,1.59953367710114,-0.983658313751221,0.297873914241791,2.34168434143066,3.17378306388855,0.936444103717804,0,0,43.5833333333333,-116.083333333333,43.5833333333333,-116.25,-89.9425492402095,13.460891037699,"Public"
"23",569,"M",21,6,2007,10,59,"New Jersey",40.58333,-75.25,"Atlantic","N",11.5,72,"Pennsylvania",10,40.75,-75.25,"Atlantic",7,"A","Bander",18,5,2008,18.5082819167137,0,0.298737117143272,0.434315575555233,0.566119901291915,0.131804325736682,-0.168136194348335,0.446537584066391,-0.0667371600866318,2.42503476142883,-0.230079144239426,0.594898641109467,0.956676602363586,0.462006896734238,2.46172046661377,2.50880599021912,1.21251177787781,0,0,40.5833333333333,-75.25,40.75,-75.25,0,18.5079117638363,"Researcher"
"24",575,"F",4,8,2006,10,91,"Wisconsin",45.08333,-89.25,"Mississippi","SSW",48.8,91,"Wisconsin",10,44.41667,-89.58333,"Mississippi",7,"A","Bander",14,6,2007,78.6456425644396,-160.271545022363,0.339597591069538,0.445347655682973,0.914211061111918,0.468863405428945,2.43116021156311,2.24500513076782,1.92999494075775,0.314227998256683,2.9560558795929,0.596023678779602,3.83933448791504,3.63358855247498,3.45388603210449,5.05280447006226,1.00899636745453,1,1,45.0833333333333,-89.25,44.4166666666667,-89.5833333333333,-160.271543845943,78.6464290246568,"Researcher"
"25",586,"F",20,6,2007,10,91,"Wisconsin",44.25,-89.58333,"Mississippi","NW",14.1,91,"Wisconsin",10,44.41667,-89.75,"Mississippi",7,"A","Bander",13,6,2008,22.7968630486169,-35.6107874174135,0.455280675196483,0.581216431993032,0.270576281027725,-0.310640150965307,0.349411904811859,2.191246509552,0.16382209956646,2.75523376464844,0.53477156162262,0.400663167238235,-0.915363311767578,-1.57641088962555,1.01969957351685,1.80628156661987,1.81673800945282,0,0,44.25,-89.5833333333333,44.4166666666667,-89.75,-35.6107893593935,22.7964073360659,"Researcher"
"26",588,"F",24,6,2007,10,91,"Wisconsin",44.25,-89.58333,"Mississippi","NW",14.1,91,"Wisconsin",10,44.41667,-89.75,"Mississippi",7,"A","Bander",9,6,2008,22.7968630486169,-35.6107874174135,0.455280675196483,0.581216431993032,0.270576281027725,-0.310640150965307,0.349411904811859,2.191246509552,0.16382209956646,2.75523376464844,0.53477156162262,0.400663167238235,-0.915363311767578,-1.57641088962555,1.01969957351685,1.80628156661987,1.81673800945282,0,0,44.25,-89.5833333333333,44.4166666666667,-89.75,-35.6107893593935,22.7964073360659,"Researcher"
"27",593,"F",22,6,2007,10,91,"Wisconsin",44.41667,-89.58333,"Mississippi","NNE",38.2,91,"Wisconsin",10,44.91667,-89.25,"Mississippi",5,"D","Public",14,4,2008,61.5300056202014,25.3257636103327,0.313371778461051,0.914211061111918,0.243867034402671,-0.670344026709247,0.349411904811859,2.191246509552,0.16382209956646,2.75523376464844,0.53477156162262,0.400663167238235,-0.915363311767578,-1.57641088962555,1.01969957351685,1.80628156661987,1.81673800945282,1,1,44.4166666666667,-89.5833333333333,44.9166666666667,-89.25,25.3259860118364,61.530119803203,"Public"
"28",600,"M",21,6,2007,10,63,"North Carolina",35.58333,-80.41667,"Atlantic","W",131,63,"North Carolina",10,35.58333,-82.75,"Atlantic",5,"D","Public",99,6,2008,211.477794946619,-89.3210711930861,0.191727754391058,0.241834809115982,0.197996806503121,-0.0438380026128611,-0.391199767589569,-0.309016913175583,-0.194093942642212,0.867344856262207,-0.378578156232834,4.28657579421997,1.52025139331818,0.428704112768173,0.289232552051544,0.151917114853859,2.50551748275757,1,1,35.5833333333333,-80.4166666666667,35.5833333333333,-82.75,-89.3210701678086,211.478088279422,"Public"
"29",612,"M",26,7,2003,1,46,"Maryland",39.14167,-77.29167,"Atlantic","SSW",16.9,88,"Virginia",10,38.91667,-77.41667,"Atlantic",7,"A","Bander",30,5,2004,27.2228986881134,-156.53233544906,0.10483825943254,0.351429815648135,0.0381768035999419,-0.313253012048193,0.0802665054798126,0.575422823429108,0.797669529914856,-2.80824327468872,-0.443783104419708,0.573211908340454,2.1850700378418,1.69399154186249,-2.4793848991394,-2.00914454460144,2.28712058067322,0,1,39.0833333333333,-77.25,38.9166666666667,-77.4166666666667,-141.982282767379,23.4689825548489,"Researcher"
"30",629,"F",22,6,2008,10,72,"Pennsylvania",40.91667,-75.25,"Atlantic","S",11.5,72,"Pennsylvania",10,40.75,-75.25,"Atlantic",7,"A","Bander",15,5,2009,18.5088181471057,-180,0.447191174335898,0.138626796341994,0.566119901291915,0.42749310494992,0.887552678585052,-1.42780101299286,1.12484085559845,-1.16025078296661,0.703833341598511,-0.390865325927734,1.25916981697083,0.256803035736084,-2.04217743873596,-1.87898111343384,-1.05459380149841,0,0,40.9166666666667,-75.25,40.75,-75.25,-180,18.5084479727804,"Researcher"
"31",630,"M",25,6,2008,10,72,"Pennsylvania",40.91667,-75.25,"Atlantic","NW",14.4,72,"Pennsylvania",10,41.08333,-75.41667,"Atlantic",5,"D","Public",23,4,2009,23.2205475992597,-37.0948241072539,0.0831760778051967,0.138626796341994,0,-0.138626796341994,0.887552678585052,-1.42780101299286,1.12484085559845,-1.16025078296661,0.703833341598511,-0.390865325927734,1.25916981697083,0.256803035736084,-2.04217743873596,-1.87898111343384,-1.05459380149841,0,0,40.9166666666667,-75.25,41.0833333333333,-75.4166666666667,-37.0931704604907,23.220968358697,"Public"
"32",631,"U",17,6,2008,10,72,"Pennsylvania",40.91667,-75.25,"Atlantic","SSE",26.9,59,"New Jersey",0,40.58611,-74.97667,"Atlantic",7,"A","Bander",19,5,2009,43.3626494771413,147.748323959883,0.388692655494804,0.138626796341994,0.514588474379445,0.375961678037451,0.887552678585052,-1.42780101299286,1.12484085559845,-1.16025078296661,0.703833341598511,-0.390865325927734,1.25916981697083,0.256803035736084,-2.04217743873596,-1.87898111343384,-1.05459380149841,1,1,40.9166666666667,-75.25,40.5833333333333,-74.9166666666667,142.63827889094,46.5044948151538,"Researcher"
"33",636,"M",21,5,2010,0,27,"Georgia",33.43194,-82.16611,"Atlantic","E",14.4,27,"Georgia",10,33.41667,-81.91667,"Atlantic",4,"D","Public",23,5,2011,23.2604864933151,94.1067684209072,0.0449596854009686,0.00783858324865728,0.252721730294673,0.244883147046015,1.89289510250092,2.64748048782349,1.89875054359436,1.17761051654816,1.9745477437973,1.07920908927917,1.23637616634369,1.60527431964874,-1.78032445907593,-1.62588334083557,2.88275408744812,0,0,33.4166666666667,-82.0833333333333,33.4166666666667,-81.9166666666667,89.9541063469988,15.5019120208103,"Public"
"34",646,"F",1,6,2010,0,91,"Wisconsin",44.91556,-91.345,"Mississippi","ESE",85.6,91,"Wisconsin",10,44.41667,-89.75,"Mississippi",7,"A","Bander",30,5,2011,138.101621447741,113.105452278386,0.476615296527475,0.511394977500363,0.270576281027725,-0.240818696472638,1.31771385669708,0.908434867858887,2.09875822067261,0.891506671905518,0.367150008678436,1.86087357997894,0.179416537284851,0.308423161506653,-0.720665812492371,0.921632349491119,3.07769060134888,1,1,44.9166666666667,-91.4166666666667,44.4166666666667,-89.75,112.213758605055,143.371409053355,"Researcher"
"35",653,"M",17,6,2010,10,33,"Idaho",43.41667,-115.91667,"Pacific","W",20.9,33,"Idaho",0,43.42778,-116.33389,"Pacific",7,"A","Bander",19,5,2011,33.8091535227313,-87.7643536809124,0.0531196365903017,0.0953694295253302,0.265205399912905,0.169835970387574,-0.532846033573151,-2.154869556427,-0.424515187740326,-4.3737964630127,-0.750690400600433,-0.66459584236145,-0.253966927528381,1.48278558254242,1.34425926208496,0.739995837211609,-0.386959910392761,1,1,43.4166666666667,-115.916666666667,43.4166666666667,-116.416666666667,-89.828174714184,40.4938517461504,"Researcher"
"36",660,"M",10,6,2009,1,18,"Connecticut",41.875,-71.95833,"Atlantic","SSE",8.9,18,"Connecticut",10,41.75,-71.91667,"Atlantic",5,"D","Public",23,4,2010,14.3087549360364,165.985798323175,0.166239254205577,0.253737842938017,0.197561329655973,-0.0561765132820438,-0.944721400737762,1.29538416862488,-0.25193926692009,0.0233177598565817,-1.65912938117981,0.90602719783783,3.6753306388855,3.33763647079468,0.00217062723822892,1.14276206493378,1.98701345920563,0,0,41.9166666666667,-71.9166666666667,41.75,-71.9166666666667,-180,18.5116747367689,"Public"
"37",676,"U",2,6,2010,10,72,"Pennsylvania",40.91667,-75.25,"Atlantic","SSW",36.1,72,"Pennsylvania",0,40.443,-75.53988,"Atlantic",7,"A","Bander",29,5,2011,58.0286680849035,-154.924233995554,0.268824362677131,0.134126868921469,0.562055450718537,0.427928581797068,2.16478276252747,2.17078518867493,1.96939504146576,1.90474832057953,2.37341284751892,0.823162317276001,0.656031012535095,0.476389169692993,-1.53958511352539,-0.971494913101196,1.566969871521,1,1,40.9166666666667,-75.25,40.4166666666667,-75.5833333333333,-152.977241026476,62.2680620755713,"Researcher"
"38",679,"F",26,5,2010,10,72,"Pennsylvania",40.75,-75.75,"Atlantic","E",23.6,72,"Pennsylvania",0,40.7768,-75.29927,"Atlantic",7,"A","Bander",5,6,2011,38.1736818189846,85.3814088824342,0.447418080693096,0.0113223980258383,0.607635360719988,0.59631296269415,2.16478276252747,2.17078518867493,1.96939504146576,1.90474832057953,2.37341284751892,0.823162317276001,0.656031012535095,0.476389169692993,-1.53958511352539,-0.971494913101196,1.566969871521,1,1,40.75,-75.75,40.75,-75.25,89.8368094652278,42.2260839154484,"Researcher"
"39",684,"M",10,5,2010,10,89,"Washington",46.75,-119.58333,"Pacific","S",11.5,89,"Washington",10,46.58333,-119.58333,"Pacific",7,"A","Bander",26,4,2011,18.5277600887185,-180,0,0,0,0,0.275500535964966,-0.943120360374451,0.429645508527756,-2.58488607406616,0.137257426977158,0.102372169494629,-0.314500570297241,1.04492127895355,2.39199280738831,2.18508434295654,0.420765191316605,0,0,46.75,-119.583333333333,46.5833333333333,-119.583333333333,-180,18.5273895463497,"Researcher"
"40",700,"U",10,6,2012,10,72,"Pennsylvania",40.41667,-75.25,"Atlantic","ESE",10.2,72,"Pennsylvania",0,40.36147,-75.07092,"Atlantic",5,"D","Public",13,4,2013,16.3941649504673,111.897345367749,0.537281656747472,0.400203222528669,0.490346929888228,0.0901437073595587,2.16452074050903,3.801593542099,2.31918931007385,2.31318020820618,2.13632893562317,0.769550800323486,-1.38270580768585,0.0206059627234936,2.0038902759552,2.49372172355652,1.39656686782837,0,0,40.4166666666667,-75.25,40.4166666666667,-75.0833333333333,89.9459715281511,14.1454252412772,"Public"
"41",707,"F",5,7,2011,0,59,"New Jersey",40.14472,-74.56083,"Atlantic","NE",163.7,18,"Connecticut",10,41.75,-72.25,"Atlantic",13,"A","Public",21,5,2012,263.875650274436,46.7515450487742,0.0583617439474603,0.512991725939904,0.171723036725214,-0.34126868921469,2.18151926994324,2.61409974098206,2.12956213951111,1.18767535686493,2.17103624343872,0.0693050846457481,6.37756490707397,4.87229537963867,3.52531480789185,3.00537848472595,1.05475699901581,1,1,40.0833333333333,-74.5833333333333,41.75,-72.25,45.9629062724917,269.968341222461,"Public"
"42",710,"F",30,5,2012,1,17,"Colorado",39.84167,-104.89167,"Central","SE",2.4,17,"Colorado",0,39.81287,-104.866,"Central",7,"A","Bander",15,4,2013,3.88002919292836,145.493555980895,0.313640102578991,0.0564668311801423,0.412977210044999,0.356510378864857,2.17762970924377,1.01413822174072,2.19593906402588,2.73808622360229,2.26653003692627,1.72849071025848,1.00072729587555,0.575964570045471,1.55069696903229,0.193564221262932,1.08871507644653,0,0,39.9166666666667,-104.916666666667,39.75,-104.916666666667,-180,18.5052385971893,"Researcher"
"43",733,"F",26,5,2012,10,91,"Wisconsin",44.25,-89.58333,"Mississippi","N",11.5,91,"Wisconsin",10,44.41667,-89.58333,"Mississippi",7,"A","Bander",18,5,2013,18.5201623607886,0,0.780939017112627,0.581216431993032,0.914211061111918,0.332994629118885,3.63813710212708,2.47733020782471,3.06715083122253,3.11050724983215,4.08058071136475,1.03163838386536,-2.27592849731445,-1.63725054264069,2.76124453544617,2.77077293395996,0.211582809686661,0,0,44.25,-89.5833333333333,44.4166666666667,-89.5833333333333,0,18.5197919595235,"Researcher"
"44",736,"F",27,5,2012,10,91,"Wisconsin",44.25,-89.58333,"Mississippi",NA,0,91,"Wisconsin",10,44.25,-89.58333,"Mississippi",7,"A","Bander",18,5,2013,0,NA,0.313640102578991,0.274640731601103,0.31557555523298,0,NA,NA,NA,NA,NA,0,NA,NA,NA,NA,NA,0,0,44.25,-89.5833333333333,44.25,-89.5833333333333,NA,0,"Researcher"
"45",774,"U",8,6,2012,10,72,"Pennsylvania",40.91667,-75.25,"Atlantic","SSE",11.2,59,"New Jersey",0,40.77133,-75.15521,"Atlantic",7,"A","Bander",17,5,2013,18.0113050002571,153.620524210041,0.379348720181933,0.134126868921469,0.796777471331108,0.662650602409639,2.16452074050903,3.801593542099,2.31918931007385,2.31318020820618,2.13632893562317,0.769550800323486,-1.38270580768585,0.0206059627234936,2.0038902759552,2.49372172355652,1.39656686782837,0,0,40.9166666666667,-75.25,40.75,-75.0833333333333,142.727580284544,23.2418523035504,"Researcher"
"46",775,"U",8,6,2012,10,72,"Pennsylvania",40.91667,-75.25,"Atlantic","S",18.4,59,"New Jersey",0,40.65478,-75.18931,"Atlantic",7,"A","Bander",19,6,2013,29.5305298738261,169.990527727948,0.353035102849385,0.134126868921469,0.454057192625925,0.319930323704456,2.16452074050903,3.801593542099,2.31918931007385,2.31318020820618,2.13632893562317,0.769550800323486,-1.38270580768585,0.0206059627234936,2.0038902759552,2.49372172355652,1.39656686782837,0,1,40.9166666666667,-75.25,40.5833333333333,-75.25,-180,37.0163597366168,"Researcher"
"47",777,"U",9,6,2012,10,72,"Pennsylvania",40.91667,-75.25,"Atlantic","SW",25.8,72,"Pennsylvania",0,40.61272,-75.53776,"Atlantic",5,"D","Public",10,4,2013,41.5886673854013,-144.15861625149,0.380019530476781,0.134126868921469,0.378284221222238,0.244157352300769,2.16452074050903,3.801593542099,2.31918931007385,2.31318020820618,2.13632893562317,0.769550800323486,-1.38270580768585,0.0206059627234936,2.0038902759552,2.49372172355652,1.39656686782837,1,1,40.9166666666667,-75.25,40.5833333333333,-75.5833333333333,-142.63827889094,46.5044948151538,"Public"
"48",778,"U",20,6,2012,10,72,"Pennsylvania",40.91667,-75.25,"Atlantic","SSE",12.3,59,"New Jersey",0,40.74849,-75.17362,"Atlantic",7,"A","Bander",19,6,2013,19.7564462173212,160.943093819453,0.375381042241254,0.134126868921469,0.749020177093918,0.614893308172449,2.16452074050903,3.801593542099,2.31918931007385,2.31318020820618,2.13632893562317,0.769550800323486,-1.38270580768585,0.0206059627234936,2.0038902759552,2.49372172355652,1.39656686782837,0,0,40.9166666666667,-75.25,40.75,-75.25,-180,18.5084479727804,"Researcher"
"49",800,"F",7,6,2014,0,72,"Pennsylvania",40.37222,-75.23444,"Atlantic","NNE",16.3,59,"New Jersey",0,40.58353,-75.0975,"Atlantic",7,"A","Bander",26,5,2015,26.1806562778704,26.2849011240479,0.340273313564067,0.611699811293366,0.20191609812745,-0.409783713165917,-0.171011358499527,1.25505673885345,0.357843726873398,0.829373598098755,-0.557276964187622,-1.09076845645905,-1.94997191429138,-2.61533403396606,-1.01094388961792,-1.06784760951996,-0.771696925163269,0,1,40.4166666666667,-75.25,40.5833333333333,-75.0833333333333,37.3029069026893,23.283507683504,"Researcher"
"50",801,"F",7,6,2014,0,72,"Pennsylvania",40.40306,-75.14583,"Atlantic","N",25.3,72,"Pennsylvania",0,40.76543,-75.21715,"Atlantic",7,"A","Bander",24,6,2015,40.6901830879154,-8.51052383216414,0.325433741251018,0.413703004790245,0.740455799100014,0.326752794309769,-0.171011358499527,1.25505673885345,0.357843726873398,0.829373598098755,-0.557276964187622,-1.09076845645905,-1.94997191429138,-2.61533403396606,-1.01094388961792,-1.06784760951996,-0.771696925163269,1,1,40.4166666666667,-75.0833333333333,40.75,-75.25,-20.8129921560615,39.6135691595996,"Researcher"
"51",822,"U",23,6,2014,10,72,"Pennsylvania",40.91667,-75.25,"Atlantic","SE",6.2,72,"Pennsylvania",0,40.84391,-75.18057,"Atlantic",5,"D","Bander",24,6,2015,9.97671569142815,144.063155994488,0.313640102578991,0.274640731601103,0.31557555523298,0.413412686892147,NA,NA,NA,NA,NA,0,NA,NA,NA,NA,NA,0,0,40.9166666666667,-75.25,40.9166666666667,-75.25,NA,0,"Researcher"
"52",823,"U",2,7,2014,10,72,"Pennsylvania",40.91667,-75.25,"Atlantic","SE",8.4,72,"Pennsylvania",0,40.83976,-75.12651,"Atlantic",5,"D","Bander",24,6,2015,13.4645652383201,129.329863813469,0.343865421525459,0.134126868921469,0.8256641021919,0.691537233270431,-0.171011358499527,1.25505673885345,0.357843726873398,0.829373598098755,-0.557276964187622,-1.09076845645905,-1.94997191429138,-2.61533403396606,-1.01094388961792,-1.06784760951996,-0.771696925163269,0,0,40.9166666666667,-75.25,40.9166666666667,-75.0833333333333,89.9454199233658,14.0401750777786,"Researcher"
"53",826,"F",20,6,2015,0,72,"Pennsylvania",40.34361,-75.07528,"Atlantic","NE",10.3,59,"New Jersey",0,40.44043,-74.92746,"Atlantic",7,"A","Bander",23,5,2016,16.5257251259131,49.3677185443563,0.426143126723762,0.274640731601103,0.498475831034983,0.22383509943388,0.4735067486763,2.86453604698181,1.04571187496185,3.76360726356506,-0.100393354892731,0.864118218421936,5.092116355896,3.17962288856506,1.35233747959137,0.692308127880096,-0.771696925163269,0,0,40.4166666666667,-75.0833333333333,40.4166666666667,-74.9166666666667,89.9459715281511,14.145425241276,"Researcher"
"54",827,"F",20,6,2015,0,72,"Pennsylvania",40.34361,-75.07528,"Atlantic","ESE",12.1,59,"New Jersey",0,40.29422,-74.85544,"Atlantic",7,"A","Bander",16,5,2016,19.4735718014709,106.286246331461,0.326625780229351,0.274640731601103,0.119465815067499,-0.155174916533604,0.4735067486763,2.86453604698181,1.04571187496185,3.76360726356506,-0.100393354892731,0.864118218421936,5.092116355896,3.17962288856506,1.35233747959137,0.692308127880096,0.427857577800751,0,0,40.4166666666667,-75.0833333333333,40.25,-74.9166666666667,142.52002719711,23.304277916618,"Researcher"
"55",829,"F",20,6,2015,0,72,"Pennsylvania",40.34361,-75.07528,"Atlantic","ENE",17.1,59,"New Jersey",0,40.46806,-74.79306,"Atlantic",7,"A","Bander",10,5,2016,27.6565992596326,59.9303030434777,0.461673768070154,0.274640731601103,0.701988677601974,0.427347946000871,0.4735067486763,2.86453604698181,1.04571187496185,3.76360726356506,-0.100393354892731,0.864118218421936,5.092116355896,3.17962288856506,1.35233747959137,0.692308127880096,0.427857577800751,0,1,40.4166666666667,-75.0833333333333,40.4166666666667,-74.75,89.8919429232852,28.2908379044025,"Researcher"
"56",831,"F",1,7,2015,0,72,"Pennsylvania",40.34361,-75.07528,"Atlantic","N",28.9,59,"New Jersey",0,40.76175,-75.07041,"Atlantic",7,"A","Bander",10,6,2016,46.434302502702,0.507407767355169,0.36314351171054,0.274640731601103,0.415299753229787,0.140659021628683,0.4735067486763,2.86453604698181,1.04571187496185,3.76360726356506,-0.100393354892731,0.864118218421936,5.092116355896,3.17962288856506,1.35233747959137,0.692308127880096,0.427857577800751,1,1,40.4166666666667,-75.0833333333333,40.75,-75.0833333333333,0,37.0152878198736,"Researcher"
"57",834,"F",1,7,2015,0,72,"Pennsylvania",40.34361,-75.07528,"Atlantic","N",16.6,59,"New Jersey",0,40.58354,-75.09747,"Atlantic",7,"A","Bander",23,5,2016,26.7090688158348,-4.03341037062402,0.284501171640089,0.274640731601103,0.20191609812745,-0.0727246334736537,0.4735067486763,2.86453604698181,1.04571187496185,3.76360726356506,-0.100393354892731,0.864118218421936,5.092116355896,3.17962288856506,1.35233747959137,0.692308127880096,0.427857577800751,0,1,40.4166666666667,-75.0833333333333,40.5833333333333,-75.0833333333333,0,18.5073760560373,"Researcher"
"58",837,"F",22,6,2013,1,18,"Connecticut",41.875,-71.95833,"Atlantic","SW",192.7,59,"New Jersey",0,40.01222,-74.71079,"Atlantic",5,"D","Bander",29,5,2014,310.635131934048,-130.841077542343,0.0819730938711222,0.253737842938017,0.588329220496444,0.334591377558426,2.40882444381714,0.645921051502228,3.45426368713379,0.956984162330627,1.55574178695679,-0.221263095736504,-1.3643571138382,-3.13323664665222,-0.399391353130341,-1.088627576828,0.427857577800751,1,1,41.9166666666667,-71.9166666666667,40.0833333333333,-74.75,-129.563477144961,313.461499926351,"Researcher"
"59",840,"F",2,7,2015,0,59,"New Jersey",40.43722,-74.97528,"Atlantic","ENE",45.5,59,"New Jersey",0,40.68953,-74.17446,"Atlantic",4,"D","Public",17,7,2016,73.3789572361759,67.2933393864267,0.208724744070948,0.586877631005951,0,-0.586877631005951,0.694782555103302,2.56946396827698,1.19134330749512,3.62825226783752,0.135621130466461,1.21511971950531,4.97756719589233,3.16072249412537,1.77759063243866,1.0008659362793,-0.0330914855003357,1,1,40.4166666666667,-74.9166666666667,40.75,-74.25,56.5261066478131,67.4964483415258,"Public"
"60",845,"F",18,6,2015,0,59,"New Jersey",40.47833,-74.51917,"Atlantic","W",19,59,"New Jersey",0,40.43583,-74.87556,"Atlantic",7,"A","Bander",10,5,2016,30.5957718465584,-98.7575405509699,0.301742761264761,0.21643199303237,0.758165190884018,0.541733197851648,0.694782555103302,2.56946396827698,1.19134330749512,3.62825226783752,0.135621130466461,1.21511971950531,4.97756719589233,3.16072249412537,1.77759063243866,1.0008659362793,0.633861482143402,1,1,40.4166666666667,-74.5833333333333,40.4166666666667,-74.9166666666667,-89.8919429232851,28.2908379044037,"Researcher"
"61",846,"M",16,6,2015,10,68,"Ontario",44.25,-79.58333,"Atlantic","SSW",3.1,68,"Ontario",0,44.2101,-79.61145,"Atlantic",4,"D","Public",13,5,2016,4.97030561370513,-153.116991701423,0.313640102578991,0.274640731601103,0.31557555523298,0,NA,NA,NA,NA,NA,0,NA,NA,NA,NA,NA,0,0,44.25,-79.5833333333333,44.25,-79.5833333333333,NA,0,"Public"
"62",848,"F",18,6,2015,0,59,"New Jersey",40.47833,-74.51917,"Atlantic","W",46.3,72,"Pennsylvania",0,40.45178,-75.40064,"Atlantic",13,"A","Public",12,6,2016,74.8167958233835,-91.9722768195464,0.315388376588153,0.21643199303237,0.428364058644215,0.211932065611845,0.694782555103302,2.56946396827698,1.19134330749512,3.62825226783752,0.135621130466461,1.21511971950531,4.97756719589233,3.16072249412537,1.77759063243866,1.0008659362793,0.633861482143402,1,1,40.4166666666667,-74.5833333333333,40.4166666666667,-75.4166666666667,-89.729854980398,70.7268746410054,"Public"
"63",851,"F",30,6,2015,0,59,"New Jersey",40.58361,-75.0975,"Atlantic","NNE",53.1,59,"New Jersey",0,41.24328,-74.57277,"Atlantic",7,"A","Bander",29,6,2016,85.5616746602286,30.9365160953551,0.328214281001333,0.20191609812745,0.632602699956452,0.430686601829003,0.4735067486763,2.86453604698181,1.04571187496185,3.76360726356506,-0.100393354892731,0.864118218421936,5.092116355896,3.17962288856506,1.35233747959137,0.692308127880096,1.11734509468079,1,1,40.5833333333333,-75.0833333333333,41.25,-74.5833333333333,29.4733212434312,85.1776411260706,"Researcher"
"64",854,"F",15,6,2014,10,91,"Wisconsin",44.41667,-89.58333,"Mississippi","S",11.5,91,"Wisconsin",10,44.25,-89.58333,"Mississippi",7,"A","Bander",9,5,2015,18.5201623607886,-180,0.780939017112627,0.914211061111918,0.581216431993032,-0.332994629118885,-1.62218296527863,0.652084112167358,-1.23923969268799,0.076416403055191,-2.06740403175354,-0.0141075840219855,2.95182037353516,0.789205074310303,0.864536643028259,2.5434787273407,0.633861482143402,0,0,44.4166666666667,-89.5833333333333,44.25,-89.5833333333333,-180,18.5197919595235,"Researcher"
"65",897,"F",5,8,2015,0,59,"New Jersey",40.70917,-74.50306,"Atlantic","SW",14.3,59,"New Jersey",0,40.53988,-74.6612,"Atlantic",7,"A","Bander",3,5,2016,23.0746438487413,-144.506919827781,0.0992105586386324,0.0868050515314269,0.400348381477718,0.313543329946291,0.694782555103302,2.56946396827698,1.19134330749512,3.62825226783752,0.135621130466461,1.21511971950531,4.97756719589233,3.16072249412537,1.77759063243866,1.0008659362793,0.427857577800751,0,0,40.75,-74.5833333333333,40.5833333333333,-74.5833333333333,-180,18.5079117638363,"Researcher"
"66",943,"U",3,6,1963,10,68,"Ontario",43.75,-79.25,"Atlantic","WNW",94,68,"Ontario",10,44.08333,-81.08333,"Atlantic",0,"D","Public",3,4,1964,151.832692718632,-75.2470969462162,0.313640102578991,0.274640731601103,0.31557555523298,0,0.149060755968094,-1.48993372917175,-0.0206986758857965,-1.07063829898834,0.33905029296875,-1.81910920143127,0.55609917640686,0.660086452960968,2.63558840751648,2.47818756103516,0.885935425758362,1,1,43.75,-79.25,44.0833333333333,-81.0833333333333,-75.2469845070079,151.833038687519,"Public"
"67",947,"F",20,5,1977,10,33,"Idaho",42.91667,-112.58333,"Pacific","E",8.4,33,"Idaho",10,42.91667,-112.41667,"Pacific",7,"A","Bander",15,7,1978,13.6079655010571,89.943257750674,0.355950480061381,0.0664827986645377,0.137901001596748,0.0714182029322108,-0.245970785617828,-0.666087329387665,0.35304993391037,-2.95934796333313,-0.737715005874634,-0.849392592906952,3.77717733383179,3.58796095848083,2.24240303039551,4.284104347229,0.633861482143402,0,0,42.9166666666667,-112.583333333333,42.9166666666667,-112.416666666667,89.943255484442,13.6085105747531,"Researcher"
"68",1039,"U",21,6,1980,10,47,"Massachusetts",42.41667,-71.25,"Atlantic","NE",200.5,44,"Maine",10,44.58333,-68.58333,"Atlantic",5,"D","Public",6,6,1981,323.166185118449,40.9471069069282,0.0181390289033158,0,0.00246770213383655,0.00246770213383655,0.661735117435455,0.431523323059082,0.665684580802917,0.66224730014801,0.762479543685913,0.845531105995178,0.76323127746582,0.625527799129486,-3.49051475524902,-4.880051612854,-1.73056995868683,1,1,42.4166666666667,-71.25,44.5833333333333,-68.5833333333333,40.9469848350236,323.16655684143,"Public"
"69",1080,"M",20,5,1990,10,36,"Iowa",42.08333,-93.58333,"Mississippi","N",69.6,36,"Iowa",10,43.08333,-93.41667,"Mississippi",7,"A","Bander",9,5,1991,111.923854476637,6.96484174990185,0.870869502104805,0.612280447089563,0.902888663086079,0.290608215996516,-0.512860536575317,-1.22294986248016,0.351753324270248,-2.20247507095337,-1.40530002117157,-0.247701406478882,3.74494457244873,2.99540615081787,-1.44896829128265,-1.62051022052765,0.792639374732971,1,1,42.0833333333333,-93.5833333333333,43.0833333333333,-93.4166666666667,6.96511717365938,111.923921342479,"Researcher"
"70",1104,"F",21,5,2002,10,33,"Idaho",43.58333,-116.08333,"Pacific","SE",343.2,85,"Utah",10,39.91667,-111.58333,"Pacific",5,"D","Public",3,6,2003,552.944115450542,135.896514093937,0.126817688898756,0,0.00740310640150965,0.00740310640150965,2.348477602005,-0.124445982277393,2.47690343856812,0.179798439145088,2.36031126976013,-1.0276095867157,2.15111207962036,2.70673537254333,4.66218948364258,5.38576602935791,1.52157664299011,1,1,43.5833333333333,-116.083333333333,39.9166666666667,-111.583333333333,135.896565979061,552.944660272842,"Public"
"71",1113,"F",24,7,1974,10,14,"California",37.91667,-122.08333,"Pacific","WNW",29.5,14,"California",10,38.08333,-122.58333,"Pacific",3,"D","Public",15,4,1975,47.6532024673956,-67.0041139083351,0.0285855604479498,0,0,0,0.203357174992561,-0.670125663280487,0.550868034362793,-0.355668872594833,-0.219304531812668,-0.150421172380447,-1.5496199131012,0.0968886464834213,0.491083204746246,-1.25443720817566,1.32828783988953,1,1,37.9166666666667,-122.083333333333,38.0833333333333,-122.583333333333,-67.0032939819286,47.6534897232586,"Public"
"72",1134,"M",22,6,1969,10,47,"Massachusetts",42.41667,-72.58333,"Atlantic",NA,0,47,"Massachusetts",10,42.41667,-72.58333,"Atlantic",7,"A","Bander",14,4,1970,0,NA,0.313640102578991,0.274640731601103,0.31557555523298,0,NA,NA,NA,NA,NA,0,NA,NA,NA,NA,NA,0,0,42.4166666666667,-72.5833333333333,42.4166666666667,-72.5833333333333,NA,0,"Researcher"
"73",1135,"M",22,6,1969,10,47,"Massachusetts",42.41667,-72.58333,"Atlantic",NA,0,47,"Massachusetts",10,42.41667,-72.58333,"Atlantic",7,"A","Bander",1,4,1970,0,NA,0.313640102578991,0.274640731601103,0.31557555523298,0,NA,NA,NA,NA,NA,0,NA,NA,NA,NA,NA,0,0,42.4166666666667,-72.5833333333333,42.4166666666667,-72.5833333333333,NA,0,"Researcher"
"74",1182,"M",26,5,1974,10,72,"Pennsylvania",40.58333,-75.41667,"Atlantic",NA,0,72,"Pennsylvania",10,40.58333,-75.41667,"Atlantic",5,"D","Public",20,4,1975,0,NA,0.313640102578991,0.274640731601103,0.31557555523298,0,NA,NA,NA,NA,NA,0,NA,NA,NA,NA,NA,0,0,40.5833333333333,-75.4166666666667,40.5833333333333,-75.4166666666667,NA,0,"Public"
"75",1223,"M",13,6,2003,10,66,"Ohio",40.41667,-83.08333,"Mississippi","SE",29,66,"Ohio",10,40.08333,-82.75,"Mississippi",5,"D","Public",99,5,2004,46.6296468688057,142.43264936454,0.588415240614399,0.85861518362607,0.751778197125853,-0.106836986500218,-0.232452392578125,0.746546566486359,0.284453362226486,-1.30401754379272,-0.835168242454529,0.303767651319504,2.48386430740356,2.77856016159058,-1.47272026538849,-1.16106569766998,-0.878103315830231,1,1,40.4166666666667,-83.0833333333333,40.0833333333333,-82.75,142.43181845045,46.629231755085,"Public"
"76",1251,"F",8,6,1981,10,72,"Pennsylvania",40.58333,-75.41667,"Atlantic","NE",14.4,72,"Pennsylvania",10,40.75,-75.25,"Atlantic",7,"A","Bander",60,5,1982,23.2631644077554,37.2333542281006,0.395298923750078,0.0775148787922775,0.50283059950646,0.425315720714182,0.436269819736481,0.02210240252316,0.858658790588379,0.650801777839661,0.0671483427286148,-0.41545844078064,-0.13491028547287,-0.604089379310608,-3.48885273933411,-4.05050134658813,0.445923805236816,0,0,40.5833333333333,-75.4166666666667,40.75,-75.25,37.2333546157251,23.2626989459335,"Researcher"
"77",1291,"M",9,7,1980,10,69,"Oregon",45.91667,-119.25,"Pacific","E",24,69,"Oregon",10,45.91667,-118.75,"Pacific",5,"D","Agency",10,8,1981,38.7896877673325,89.8204172614284,0.392967048918566,0.489766294092031,0.991000145158949,0.501233851066918,-0.174213156104088,0.859728932380676,0.253819078207016,-0.58794766664505,-0.621604681015015,-1.70786809921265,2.10426306724548,1.17129898071289,2.21914315223694,4.25476455688477,1.73656177520752,1,1,45.9166666666667,-119.25,45.9166666666667,-118.75,89.8204172715469,38.789690089846,"Researcher"
"78",1299,"F",19,6,1981,10,17,"Colorado",40.41667,-104.75,"Central",NA,0,17,"Colorado",10,40.41667,-104.75,"Central",3,"D","Agency",19,6,1982,0,NA,0.313640102578991,0.274640731601103,0.31557555523298,0,NA,NA,NA,NA,NA,0,NA,NA,NA,NA,NA,0,0,40.4166666666667,-104.75,40.4166666666667,-104.75,NA,0,"Researcher"
"79",1346,"M",7,6,1981,10,91,"Wisconsin",44.58333,-88.08333,"Mississippi","W",173.1,91,"Wisconsin",10,44.91667,-91.58333,"Mississippi",5,"D","Agency",24,5,1982,279.603116625459,-81.1575735586571,0.552233828273364,0.313543329946291,0.780664827986645,0.467121498040354,-0.085757203400135,-1.19573426246643,0.197897359728813,-0.237221866846085,-0.299613624811172,-0.269442528486252,-0.779698729515076,0.278817445039749,-3.19403576850891,-5.11566066741943,-0.600011825561523,1,1,44.5833333333333,-88.0833333333333,44.9166666666667,-91.5833333333333,-81.1577239757178,279.603018537215,"Researcher"
"80",1378,"M",17,6,1991,10,68,"Ontario",42.75,-81.08333,"Atlantic","E",8.5,68,"Ontario",10,42.75,-80.91667,"Atlantic",7,"A","Agency",99,7,1992,13.6445808980567,89.9434355122909,0.313640102578991,0.274640731601103,0.31557555523298,0,1.01249730587006,4.2365517616272,0.876714944839478,4.12482881546021,0.936041831970215,1.12215983867645,0.16815596818924,-0.460653573274612,1.93655025959015,2.77891755104065,-1.48890101909637,0,0,42.75,-81.0833333333333,42.75,-80.9166666666667,89.9434332496191,13.6451267029461,"Researcher"
"81",1406,"M",29,5,1984,10,91,"Wisconsin",44.41667,-88.08333,"Mississippi","NE",14.1,91,"Wisconsin",10,44.58333,-87.91667,"Mississippi",5,"D","Other",4,4,1985,22.7739729374283,35.5327636962677,0.149036766688095,0.572071418202932,0.00667731165626361,-0.565394106546669,-0.463639110326767,-1.09296548366547,-0.380221217870712,-1.52926564216614,-0.444442242383957,1.28212940692902,3.19521331787109,3.30874586105347,-0.74996554851532,-1.03670823574066,0.984402596950531,0,0,44.4166666666667,-88.0833333333333,44.5833333333333,-87.9166666666667,35.5327613621613,22.7748839318287,"Public"
"82",1418,"U",13,7,1990,10,38,"Kansas",39.08333,-94.75,"Central","E",8.9,38,"Kansas",10,39.08333,-94.58333,"Central",5,"D","Agency",26,6,1991,14.4210701487999,89.947461427433,0.107251726354644,0.290027580200319,0.00145158949049209,-0.288575990709827,-0.491194278001785,-1.22518861293793,0.482086807489395,-3.17454648017883,-1.33073973655701,-0.869781613349915,4.68822765350342,2.9131817817688,-1.94369983673096,-0.528292417526245,1.17802536487579,0,0,39.0833333333333,-94.75,39.0833333333333,-94.5833333333333,89.9474624744211,14.4207810545975,"Researcher"
"83",1439,"U",30,5,1989,10,72,"Pennsylvania",40.91667,-75.58333,"Atlantic","S",103.9,21,"Delaware",10,39.41667,-75.75,"Atlantic",4,"D","Bander",25,5,1990,167.160711666709,-175.07377477949,0.438625099678954,0.0130643054144288,0.933517201335462,0.920452895921033,-0.196856334805489,0.387127935886383,0.489776879549026,-1.0229663848877,-0.788637340068817,-0.966111719608307,3.14704990386963,1.4184730052948,4.8692364692688,5.06626081466675,1.73292672634125,1,1,40.9166666666667,-75.5833333333333,39.4166666666667,-75.75,-175.073872596762,167.160687516679,"Researcher"
"84",1518,"F",9,7,1986,10,61,"New York",43.08333,-78.75,"Atlantic","NE",20.4,61,"New York",10,43.25,-78.41667,"Atlantic",7,"A","Agency",15,4,1987,32.8270297505327,55.5491740989543,0.778589055015242,0.66424735084918,0.876469734359123,0.212222383509943,0.27632349729538,2.3984580039978,0.944688737392426,1.74599969387054,-0.462632060050964,-1.40205955505371,3.50073480606079,1.42087602615356,1.03066504001617,1.9739795923233,0.849352240562439,1,1,43.0833333333333,-78.75,43.25,-78.4166666666667,55.5499728004373,32.8270440963474,"Researcher"
"85",1616,"M",18,6,1980,10,46,"Maryland",39.08333,-76.75,"Atlantic","SE",14.6,46,"Maryland",10,38.91667,-76.58333,"Atlantic",7,"A","Agency",2,4,1981,23.4685767163703,141.98061437944,0.234504282188997,0.0747568587603426,0.197706488605022,0.12294962984468,0.877424716949463,1.15945708751678,0.714583873748779,1.23343706130981,1.18583810329437,1.7414962053299,-0.564601123332977,-0.771604001522064,-2.52872633934021,-2.67713856697083,0.425983011722565,0,0,39.0833333333333,-76.75,38.9166666666667,-76.5833333333333,141.982282767379,23.4689825548489,"Researcher"
"86",1644,"M",28,6,1989,10,79,"Saskatchewan",55.08333,-106.08333,"Central","SE",558.5,45,"Manitoba",10,49.25,-96.91667,"Central",3,"D","Public",99,5,1990,901.183607613769,132.281050851876,0.313640102578991,0.274640731601103,0.31557555523298,0,2.03322744369507,0.668065428733826,1.44944071769714,0.262262791395187,2.49510097503662,1.44025075435638,4.8130030632019,5.84949588775635,4.80689811706543,3.98880934715271,-0.825595676898956,1,1,55.0833333333333,-106.083333333333,49.25,-96.9166666666667,132.281044635109,901.184172254271,"Public"
"87",1660,"F",8,6,1981,10,18,"Connecticut",41.91667,-73.41667,"Atlantic","N",69.6,61,"New York",10,42.91667,-73.25,"Atlantic",5,"D","Public",6,4,1982,111.925190887648,6.98412241286365,0.138034775530186,0.378284221222238,0.175787487298592,-0.202496733923646,0.662229776382446,0.30719992518425,0.854222178459167,1.17765963077545,0.393493145704269,-0.0632222443819046,0.0659605786204338,-0.833880603313446,-3.49147200584412,-4.41493511199951,1.60385930538177,1,1,41.9166666666667,-73.4166666666667,42.9166666666667,-73.25,6.98398452276156,111.925157288318,"Public"
"88",1684,"F",21,6,1986,10,91,"Wisconsin",44.58333,-87.91667,"Mississippi","NNE",97.6,49,"Michigan",10,45.91667,-87.25,"Mississippi",3,"D","Agency",3,4,1987,157.151838414882,19.2162127281062,0.17247674665297,0.00667731165626361,0.104949920162578,0.0982726085063144,0.896710097789764,1.68689274787903,1.28770565986633,1.66517651081085,0.188410565257072,-1.52173435688019,3.89904475212097,2.90860152244568,3.02315855026245,3.95863938331604,1.03383350372314,1,1,44.5833333333333,-87.9166666666667,45.9166666666667,-87.25,19.2162139060535,157.15105267608,"Researcher"
"89",1692,"F",13,6,1986,10,91,"Wisconsin",44.41667,-89.75,"Mississippi","SE",53.8,91,"Wisconsin",10,43.91667,-88.91667,"Mississippi",3,"D","Public",1,7,1987,86.7689541652961,129.522474727106,0.628618234926428,0.167223109304689,0.959790971113369,0.79256786180868,0.927851319313049,1.78757667541504,1.74325799942017,1.53597843647003,0.122253738343716,-1.87032628059387,4.33960437774658,3.67265248298645,3.60409688949585,4.83139228820801,-0.409688323736191,1,1,44.4166666666667,-89.75,43.9166666666667,-88.9166666666667,129.522359257409,86.7691618092464,"Public"
"90",1695,"F",30,6,1987,10,91,"Wisconsin",44.41667,-89.75,"Mississippi","SE",14.1,91,"Wisconsin",10,44.25,-89.58333,"Mississippi",7,"A","Bander",28,6,1988,22.7968630486169,144.272738160637,0.473135225929536,0.167223109304689,0.674698795180723,0.507475685876034,1.84891629219055,1.91762280464172,2.28090071678162,2.28921866416931,1.4485627412796,-0.634955704212189,1.57370138168335,1.53603363037109,-0.423485517501831,-1.25621902942657,-1.23309564590454,0,0,44.4166666666667,-89.75,44.25,-89.5833333333333,144.272738551573,22.7964073360659,"Researcher"
"91",1703,"M",21,6,1989,10,91,"Wisconsin",44.25,-89.58333,"Mississippi",NA,0,91,"Wisconsin",10,44.25,-89.58333,"Mississippi",7,"A","Bander",14,5,1990,0,NA,0.313640102578991,0.274640731601103,0.31557555523298,0,NA,NA,NA,NA,NA,0,NA,NA,NA,NA,NA,0,0,44.25,-89.5833333333333,44.25,-89.5833333333333,NA,0,"Researcher"
"92",1708,"M",15,7,1983,10,91,"Wisconsin",44.08333,-90.58333,"Mississippi","SW",14.2,91,"Wisconsin",10,43.91667,-90.75,"Mississippi",4,"D","Bander",21,6,1984,22.8389372557014,-144.116876721836,0.134618176133636,0.722746407316011,0.0762084482508347,-0.646537959065176,2.25438714027405,-1.76104438304901,2.47392082214355,-3.45040655136108,2.14043068885803,2.64455080032349,-2.24363446235657,-1.69342279434204,0.110623799264431,0.437111973762512,-1.51664209365845,0,0,44.0833333333333,-90.5833333333333,43.9166666666667,-90.75,-144.118509355522,22.8393813821948,"Researcher"
"93",1715,"M",12,8,2004,10,14,"California",33.75,-116.91667,"Pacific","W",68,14,"California",10,33.58333,-118.08333,"Pacific",7,"A","Agency",19,5,2005,109.768024367204,-99.3718234010929,0.0364380518406786,0.0830309188561475,0,-0.0830309188561475,0.563586413860321,1.59121644496918,0.397962123155594,2.50829410552979,0.515721559524536,0.335333108901978,0.300536930561066,1.3831433057785,0.00140650558751076,2.19964480400085,0.734475612640381,1,1,33.75,-116.916666666667,33.5833333333333,-118.083333333333,-99.3715771524866,109.768569501695,"Researcher"
"94",1748,"M",15,6,1984,10,91,"Wisconsin",44.41667,-89.58333,"Mississippi","S",583.4,82,"Tennessee",10,36.08333,-87.75,"Mississippi",7,"A","Agency",99,7,1985,938.314468153077,169.828910544174,0.726753300310463,0.927710843373494,0.137465524749601,-0.790245318623893,-0.575171947479248,-1.14974081516266,-0.489679872989655,-1.69313049316406,-0.677331626415253,1.22574400901794,3.49923229217529,3.67847657203674,-0.61990761756897,-0.8531494140625,2.69406867027283,1,1,44.4166666666667,-89.5833333333333,36.0833333333333,-87.75,169.828884866261,938.313785121074,"Researcher"
"95",1749,"F",30,6,1988,10,18,"Connecticut",41.91667,-73.41667,"Atlantic","E",42.8,18,"Connecticut",10,41.91667,-72.58333,"Atlantic",0,"D","Public",99,4,1989,69.1325868396598,89.7216412617901,0.0992673742453869,0.378284221222238,0.356365219915808,-0.0219190013064305,1.38145911693573,0.980437099933624,1.53262710571289,0.0205893516540527,1.32889080047607,1.51412487030029,0.598689615726471,-0.422987818717957,3.00073099136353,2.60303997993469,0.0995230376720428,1,1,41.9166666666667,-73.4166666666667,41.9166666666667,-72.5833333333333,89.7216435067236,69.1320373851448,"Public"
"96",1750,"U",13,7,1988,10,18,"Connecticut",41.91667,-73.41667,"Atlantic","W",8.6,61,"New York",10,41.91667,-73.58333,"Atlantic",5,"D","Public",10,4,1989,13.8259059131028,-89.944331448186,0.399078240673537,0.378284221222238,0.455363623167368,0.0770794019451299,1.38145911693573,0.980437099933624,1.53262710571289,0.0205893516540527,1.32889080047607,1.51412487030029,0.598689615726471,-0.422987818717957,3.00073099136353,2.60303997993469,1.7896341085434,0,0,41.9166666666667,-73.4166666666667,41.9166666666667,-73.5833333333333,-89.9443292249607,13.8264596907628,"Public"
"97",1752,"M",15,6,1990,10,18,"Connecticut",41.91667,-73.41667,"Atlantic","SE",75.8,18,"Connecticut",10,41.25,-72.25,"Atlantic",7,"A","Bander",12,4,1991,122.257280050803,126.885853389383,0.0905022059761499,0.378284221222238,0,-0.378284221222238,0.271619141101837,-0.288000136613846,0.966863811016083,-1.81569588184357,-0.349412709474564,-0.0464582964777946,2.04402923583984,2.12448501586914,1.0590763092041,0.693859338760376,1.9873241186142,1,1,41.9166666666667,-73.4166666666667,41.25,-72.25,126.88579462873,122.256836647893,"Researcher"
"98",1798,"F",10,6,1988,10,91,"Wisconsin",44.41667,-89.58333,"Mississippi","SW",14.1,91,"Wisconsin",10,44.25,-89.75,"Mississippi",5,"D","Agency",23,4,1989,22.7968630486169,-144.272738160637,0.551380684926918,0.927710843373494,0.217883582522863,-0.709827260850631,2.12209749221802,0.996155858039856,1.35398328304291,4.28965950012207,2.95757150650024,2.67562103271484,-1.28859734535217,-1.57988011837006,5.19779491424561,5.55137825012207,1.9873241186142,0,0,44.4166666666667,-89.5833333333333,44.25,-89.75,-144.272738551573,22.7964073360659,"Researcher"
"99",1801,"F",18,7,2001,10,17,"Colorado",39.75,-104.75,"Central","W",8.8,17,"Colorado",10,39.75,-104.91667,"Central",13,"A","Public",1,5,2002,14.2843598394125,-89.9467123284694,0.18600304833793,0.63115111046596,0,-0.63115111046596,1.72125422954559,0.926247477531433,1.98324310779572,0.191172674298286,1.71918916702271,0.924888134002686,0.161916792392731,-1.58147764205933,1.60808372497559,1.17853903770447,1.33162319660187,0,0,39.75,-104.75,39.75,-104.916666666667,-89.9467133942024,14.2840741580124,"Public"
"100",1824,"F",2,6,1991,10,36,"Iowa",41.75,-91.58333,"Mississippi","NNW",24.6,36,"Iowa",10,42.08333,-91.75,"Mississippi",7,"A","Bander",20,5,1992,39.5211046885187,-20.422928231971,0.403911373863471,0.582522862534475,0.456089417912614,-0.126433444621861,0.52783590555191,3.92650103569031,0.507164895534515,1.84480428695679,0.689539194107056,0.655320405960083,3.08351469039917,2.71995759010315,4.73081016540527,6.01036691665649,2.66825342178345,1,1,41.75,-91.5833333333333,42.0833333333333,-91.75,-20.422365502194,39.521354670663,"Researcher"
"101",1887,"F",23,5,1982,10,66,"Ohio",41.41667,-83.08333,"Mississippi","E",8.6,66,"Ohio",10,41.41667,-82.91667,"Mississippi",7,"A","Agency",4,5,1983,13.9332925316861,89.9448746765395,0.620010161126433,0.702424154449122,0.841631586587313,0.139207432138191,0.47690537571907,3.41886281967163,0.672994196414948,3.64242124557495,0.271188646554947,-1.13623011112213,2.46140694618225,1.72254502773285,1.67009055614471,3.03573513031006,1.16490006446838,0,0,41.4166666666667,-83.0833333333333,41.4166666666667,-82.9166666666667,89.9448724750723,13.9338505979016,"Researcher"
"102",1896,"M",18,6,1982,10,72,"Pennsylvania",40.75,-75.08333,"Atlantic","SW",43.4,72,"Pennsylvania",10,40.25,-75.58333,"Atlantic",5,"D","Other",27,7,1983,69.85026126059,-142.480376543569,0.393179762609288,0.449266947307301,0.403251560458702,-0.0460153868485992,0.0306396242231131,1.32037818431854,-0.0307973939925432,1.44638228416443,0.286879748106003,-1.46902084350586,1.09272909164429,2.2875189781189,0.950176239013672,1.84444165229797,0.759453117847443,1,1,40.75,-75.0833333333333,40.25,-75.5833333333333,-142.480376543569,69.85026126059,"Public"
"103",1954,"U",8,7,1985,10,4,"Alberta",51.58333,-111.25,"Pacific","SSW",37.4,4,"Alberta",10,51.08333,-111.58333,"Pacific",7,"A","Agency",14,4,1986,60.2831258862729,-157.203486423166,0.313640102578991,0.274640731601103,0.31557555523298,0,0.985773682594299,1.82276201248169,0.165528640151024,1.96295607089996,1.83438360691071,-1.46786153316498,7.3210620880127,7.99420118331909,10.5608758926392,11.4693145751953,-1.3313592672348,1,1,51.5833333333333,-111.25,51.0833333333333,-111.583333333333,-157.203282857732,60.2832147878183,"Researcher"
"104",1961,"F",21,6,1994,10,68,"Ontario",43.41667,-80.08333,"Atlantic","NW",14.2,68,"Ontario",10,43.58333,-80.25,"Atlantic",3,"D","Public",61,4,1995,22.9032105545241,-35.996919539764,0.313640102578991,0.274640731601103,0.31557555523298,0,0.65783965587616,-1.14097189903259,1.07992327213287,-1.30377316474915,0.138099551200867,-1.47830390930176,3.53595066070557,1.43488752841949,2.61653876304626,4.07985162734985,-1.73175096511841,0,0,43.4166666666667,-80.0833333333333,43.5833333333333,-80.25,-35.9952849364378,22.9036507097151,"Public"
"105",1986,"M",8,7,2004,10,66,"Ohio",40.41667,-83.08333,"Mississippi","SW",35,66,"Ohio",10,40.08333,-83.58333,"Mississippi",3,"D","Bander",20,6,2005,56.3890737243551,-130.864109205648,0.809107184488227,0.85861518362607,0.825228625344752,-0.0333865582813181,-0.385330229997635,2.90111327171326,0.402487903833389,2.17471766471863,-1.1786984205246,-2.00870513916016,-1.70702469348907,-1.02225124835968,1.30155324935913,1.88243913650513,-0.979218661785126,1,1,40.4166666666667,-83.0833333333333,40.0833333333333,-83.5833333333333,-130.863541760728,56.3885878229279,"Researcher"
"106",1997,"F",26,6,2003,10,68,"Ontario",42.91667,-80.91667,"Atlantic","N",46,68,"Ontario",10,43.58333,-80.91667,"Atlantic",7,"A","Public",19,7,2004,74.0643323298388,0,0.313640102578991,0.274640731601103,0.31557555523298,0,0.0393615774810314,0.33217054605484,0.50350546836853,-1.31316006183624,-0.486644238233566,0.965258419513702,2.21999168395996,2.78140497207642,-2.72549772262573,-2.82185387611389,-0.692818403244019,1,1,42.9166666666667,-80.9166666666667,43.5833333333333,-80.9166666666667,0,74.065072980581,"Public"
"107",2004,"F",8,6,1998,10,72,"Pennsylvania",40.75,-75.41667,"Atlantic","ESE",20.9,59,"New Jersey",10,40.58333,-75.08333,"Atlantic",4,"D","Public",20,6,1999,33.7198615181217,123.181722009325,0.414770350003842,0.508491798519379,0.57250689505008,0.0640150965307011,0.0415913760662079,2.79529285430908,0.220789954066277,1.8017041683197,-0.0692377462983131,1.07070422172546,0.182627782225609,-0.25275707244873,2.15811014175415,0.990879654884338,-0.589489221572876,1,1,40.75,-75.4166666666667,40.5833333333333,-75.0833333333333,123.181724843219,33.719186552428,"Public"
"108",2023,"F",26,6,1999,10,89,"Washington",47.25,-122.25,"Pacific",NA,0,89,"Washington",10,47.25,-122.25,"Pacific",4,"D","Public",7,7,2000,0,NA,0.313640102578991,0.274640731601103,0.31557555523298,0,NA,NA,NA,NA,NA,0,NA,NA,NA,NA,NA,0,0,47.25,-122.25,47.25,-122.25,NA,0,"Public"
"109",2027,"U",5,6,2003,10,33,"Idaho",43.41667,-116.25,"Pacific",NA,0,33,"Idaho",10,43.41667,-116.25,"Pacific",7,"A","Public",14,4,2004,0,NA,0.313640102578991,0.274640731601103,0.31557555523298,0,NA,NA,NA,NA,NA,0,NA,NA,NA,NA,NA,0,0,43.4166666666667,-116.25,43.4166666666667,-116.25,NA,0,"Public"
"110",2075,"F",2,6,1998,10,89,"Washington",47.41667,-122.25,"Pacific","S",23,89,"Washington",10,47.08333,-122.25,"Pacific",3,"D","Public",6,6,1999,37.0593133093052,-180,0.106890466113025,0.204093482363188,0.00711278850341123,-0.196980693859776,2.02171540260315,1.82050335407257,2.61961674690247,-0.930151343345642,1.58042657375336,2.1017689704895,0.212352752685547,0.260788351297379,1.6209534406662,2.45957207679749,1.63735449314117,1,1,47.4166666666667,-122.25,47.0833333333333,-122.25,-180,37.0585721378648,"Public"
"111",2080,"M",23,6,2008,10,91,"Wisconsin",44.25,-89.58333,"Mississippi","NW",14.1,91,"Wisconsin",10,44.41667,-89.75,"Mississippi",7,"A","Bander",11,6,2009,22.7968630486169,-35.6107874174135,0.455280675196483,0.581216431993032,0.270576281027725,-0.310640150965307,0.171240776777267,-1.59230494499207,0.492985963821411,-1.27536249160767,-0.0702112540602684,0.627067565917969,1.74313831329346,0.787279188632965,-2.3507227897644,-4.03339576721191,0.810216426849365,0,0,44.25,-89.5833333333333,44.4166666666667,-89.75,-35.6107893593935,22.7964073360659,"Researcher"
"112",2082,"F",23,6,2008,10,91,"Wisconsin",44.25,-89.58333,"Mississippi","E",33,91,"Wisconsin",10,44.25,-88.91667,"Mississippi",5,"D","Agency",27,4,2009,53.2450830222654,89.7674041549607,0.568505557063245,0.581216431993032,0.508056321672231,-0.0731601103208013,0.171240776777267,-1.59230494499207,0.492985963821411,-1.27536249160767,-0.0702112540602684,0.627067565917969,1.74313831329346,0.787279188632965,-2.3507227897644,-4.03339576721191,0.881747961044312,1,1,44.25,-89.5833333333333,44.25,-88.9166666666667,89.7674018289519,53.2456154754939,"Researcher"
"113",2100,"M",4,6,2001,10,72,"Pennsylvania",40.58333,-76.08333,"Atlantic","SW",34.9,72,"Pennsylvania",10,40.25,-76.58333,"Atlantic",5,"D","Public",7,5,2002,56.3102301251269,-130.933336981589,0.490610030483379,0.0780955145884744,0.549281463202206,0.471185948613732,-1.29724299907684,0.648002684116364,-1.37754118442535,0.898747265338898,-1.18459224700928,1.6782500743866,1.88118922710419,1.02063262462616,4.59072113037109,4.20485496520996,-0.43347579240799,1,1,40.5833333333333,-76.0833333333333,40.25,-76.5833333333333,-130.933621507543,56.3104726427635,"Public"
"114",2102,"M",28,6,2002,10,59,"New Jersey",41.08333,-74.58333,"Atlantic","SSW",106,21,"Delaware",10,39.75,-75.58333,"Atlantic",4,"D","Public",4,5,2003,170.654538236821,-149.851381850712,0.173528346873159,0,0,0,1.30594658851624,-0.843427658081055,1.2047119140625,-1.32640492916107,1.32467269897461,2.16990113258362,1.85321617126465,-0.739147663116455,-2.75642418861389,-1.9145085811615,-0.43347579240799,1,1,41.0833333333333,-74.5833333333333,39.75,-75.5833333333333,-149.851444257877,170.654858345407,"Public"
"115",2110,"U",26,5,2002,0,88,"Virginia",38.65389,-77.52611,"Atlantic","WSW",85,88,"Virginia",10,38.08333,-78.91667,"Atlantic",5,"D","Public",27,5,2003,137.033875355077,-117.094440744754,0.398983510320424,0.518798083901873,0.20191609812745,-0.316881985774423,1.45690703392029,-0.485712021589279,1.46024680137634,0.0587021708488464,1.59244608879089,2.22687149047852,1.99911844730377,0.821913003921509,-2.36601662635803,-1.20986413955688,1.90829074382782,1,1,38.5833333333333,-77.5833333333333,38.0833333333333,-78.9166666666667,-115.044006017954,129.113601943046,"Public"
"116",2121,"F",30,6,2001,10,47,"Massachusetts",41.91667,-70.75,"Atlantic","NNW",101.3,58,"New Hampshire",10,43.25,-71.58333,"Atlantic",10,"A","Other",17,4,2002,163.144580549041,-24.5094309015058,0.0389859875286843,0.378864857018435,0.068079547104079,-0.310785309914356,-1.31589317321777,0.834525942802429,-1.39824831485748,1.42830789089203,-1.27255988121033,1.44629848003387,2.20535802841187,1.22566485404968,3.51500844955444,4.13490009307861,1.55340433120728,1,1,41.9166666666667,-70.75,43.25,-71.5833333333333,-24.5094630916846,163.145032143059,"Public"
"117",2130,"M",30,6,2002,10,66,"Ohio",39.41667,-82.25,"Mississippi",NA,0,66,"Ohio",10,39.41667,-82.25,"Mississippi",5,"D","Bander",8,5,2003,0,NA,0.313640102578991,0.274640731601103,0.31557555523298,0,NA,NA,NA,NA,NA,0,NA,NA,NA,NA,NA,0,0,39.4166666666667,-82.25,39.4166666666667,-82.25,NA,0,"Researcher"
"118",2131,"M",9,6,2001,10,59,"New Jersey",40.75,-75.08333,"Atlantic","NW",14.4,72,"Pennsylvania",10,40.91667,-75.25,"Atlantic",7,"A","Bander",27,4,2002,23.2423169314986,-37.1634409503237,0.343363125479543,0.0656118449702424,0.138626796341994,0.0730149513717521,-1.37979984283447,0.893723428249359,-1.44954526424408,0.864555180072784,-1.35509037971497,1.62492036819458,2.11007833480835,1.19034945964813,4.37666940689087,4.13984251022339,1.49644780158997,0,0,40.75,-75.0833333333333,40.9166666666667,-75.25,-37.16344273986,23.2418523035504,"Researcher"
"119",2132,"M",9,6,2001,10,59,"New Jersey",40.75,-75.08333,"Atlantic","W",8.7,72,"Pennsylvania",10,40.75,-75.25,"Atlantic",5,"D","Public",41,6,2002,14.0756597287109,-89.9456022439289,0.565269684590341,0.0656118449702424,0.634199448395994,0.568587603425751,-1.37979984283447,0.893723428249359,-1.44954526424408,0.864555180072784,-1.35509037971497,1.62492036819458,2.11007833480835,1.19034945964813,4.37666940689087,4.13984251022339,1.82943511009216,0,0,40.75,-75.0833333333333,40.75,-75.25,-89.9456033318631,14.0753782212317,"Public"
"120",2138,"F",9,6,2008,10,91,"Wisconsin",44.41667,-89.58333,"Mississippi","W",8.2,91,"Wisconsin",10,44.41667,-89.75,"Mississippi",7,"A","Bander",20,6,2009,13.2740554973137,-89.9416762138149,0.602966081192239,0.914211061111918,0.270576281027725,-0.643634780084192,0.171240776777267,-1.59230494499207,0.492985963821411,-1.27536249160767,-0.0702112540602684,0.627067565917969,1.74313831329346,0.787279188632965,-2.3507227897644,-4.03339576721191,1.90442943572998,0,0,44.4166666666667,-89.5833333333333,44.4166666666667,-89.75,-89.941677383731,13.2737907756845,"Researcher"
"121",2171,"F",30,6,2005,10,76,"Quebec",45.41667,-74.08333,"Atlantic","SSW",480.1,46,"Maryland",10,38.75,-76.75,"Atlantic",5,"D","Bander",11,5,2006,772.549451781826,-162.500873255618,0.313640102578991,0.274640731601103,0.31557555523298,0,1.45266234874725,-0.781590461730957,1.38667869567871,-1.77714550495148,1.40246295928955,1.98909711837769,1.24937689304352,1.79679608345032,4.88090419769287,6.30973386764526,1.90442943572998,1,1,45.4166666666667,-74.0833333333333,38.75,-76.75,-162.500885773013,772.549020006425,"Researcher"
"122",2186,"F",7,6,2007,10,72,"Pennsylvania",40.91667,-75.25,"Atlantic",NA,0,72,"Pennsylvania",10,40.91667,-75.25,"Atlantic",7,"A","Bander",10,5,2008,0,NA,0.313640102578991,0.274640731601103,0.31557555523298,0,NA,NA,NA,NA,NA,0,NA,NA,NA,NA,NA,0,0,40.9166666666667,-75.25,40.9166666666667,-75.25,NA,0,"Researcher"
"123",2191,"F",3,6,2006,10,91,"Wisconsin",44.41667,-89.58333,"Mississippi","W",8.2,91,"Wisconsin",10,44.41667,-89.75,"Mississippi",7,"A","Bander",6,6,2007,13.2740554973137,-89.9416762138149,0.602966081192239,0.914211061111918,0.270576281027725,-0.643634780084192,2.29098749160767,1.84992396831512,1.89004981517792,0.0740683525800705,2.69220304489136,0.254473328590393,4.12434434890747,3.49973773956299,3.96430945396423,5.29707002639771,-0.43347579240799,0,0,44.4166666666667,-89.5833333333333,44.4166666666667,-89.75,-89.941677383731,13.2737907756845,"Researcher"
"124",2193,"U",22,6,2007,10,72,"Pennsylvania",40.91667,-75.25,"Atlantic","E",8.7,72,"Pennsylvania",10,40.91667,-75.08333,"Atlantic",7,"A","Bander",11,5,2008,14.0404551759229,89.9454188280998,0.160527652779794,0.138626796341994,0.31005951516911,0.171432718827116,-0.168136194348335,0.446537584066391,-0.0667371600866318,2.42503476142883,-0.230079144239426,0.594898641109467,0.956676602363586,0.462006896734238,2.46172046661377,2.50880599021912,1.95776569843292,0,0,40.9166666666667,-75.25,40.9166666666667,-75.0833333333333,89.9454199233658,14.0401750777786,"Researcher"
"125",2198,"F",26,6,2007,10,72,"Pennsylvania",40.91667,-75.25,"Atlantic","S",11.5,72,"Pennsylvania",10,40.75,-75.25,"Atlantic",7,"A","Bander",3,4,2008,18.5088181471057,-180,0.447191174335898,0.138626796341994,0.566119901291915,0.42749310494992,-0.168136194348335,0.446537584066391,-0.0667371600866318,2.42503476142883,-0.230079144239426,0.594898641109467,0.956676602363586,0.462006896734238,2.46172046661377,2.50880599021912,1.10261416435242,0,0,40.9166666666667,-75.25,40.75,-75.25,-180,18.5084479727804,"Researcher"
"126",2205,"F",27,6,2007,10,72,"Pennsylvania",40.91667,-75.25,"Atlantic","S",11.5,72,"Pennsylvania",10,40.75,-75.25,"Atlantic",7,"A","Bander",13,5,2008,18.5088181471057,-180,0.447191174335898,0.138626796341994,0.566119901291915,0.42749310494992,-0.168136194348335,0.446537584066391,-0.0667371600866318,2.42503476142883,-0.230079144239426,0.594898641109467,0.956676602363586,0.462006896734238,2.46172046661377,2.50880599021912,1.21251177787781,0,0,40.9166666666667,-75.25,40.75,-75.25,-180,18.5084479727804,"Researcher"
"127",2237,"F",1,7,2007,10,72,"Pennsylvania",39.75,-76.75,"Atlantic","NE",105,72,"Pennsylvania",10,40.75,-75.25,"Atlantic",7,"A","Bander",13,4,2008,169.161319296623,48.4920517943729,0.350587591329172,0.54318478734214,0.566119901291915,0.022935113949775,0.120018184185028,0.692535936832428,0.000458564783912152,2.05009531974792,0.338162630796432,1.11283898353577,1.40248358249664,0.773486733436584,2.25361633300781,2.08462023735046,1.21251177787781,1,1,39.75,-76.75,40.75,-75.25,48.4920517943729,169.161319296623,"Researcher"
"128",2253,"M",19,6,2009,10,72,"Pennsylvania",40.91667,-75.25,"Atlantic","S",11.5,72,"Pennsylvania",10,40.75,-75.25,"Atlantic",4,"D","Public",5,5,2010,18.5088181471057,-180,0.443112207867615,0.134126868921469,0.538104224125417,0.403977355203948,-1.31082499027252,1.03160965442657,-0.830133199691772,0.00236864201724529,-1.75009822845459,0.44121116399765,3.90363430976868,3.33504104614258,0.34688001871109,1.1609011888504,1.21251177787781,0,0,40.9166666666667,-75.25,40.75,-75.25,-180,18.5084479727804,"Public"
"129",2254,"F",19,6,2009,10,72,"Pennsylvania",40.91667,-75.25,"Atlantic","E",8.7,72,"Pennsylvania",10,40.91667,-75.08333,"Atlantic",7,"A","Bander",3,6,2010,14.0404551759229,89.9454188280998,0.157061982871244,0.134126868921469,0.287559878066483,0.153433009145014,-1.31082499027252,1.03160965442657,-0.830133199691772,0.00236864201724529,-1.75009822845459,0.44121116399765,3.90363430976868,3.33504104614258,0.34688001871109,1.1609011888504,1.48322653770447,0,0,40.9166666666667,-75.25,40.9166666666667,-75.0833333333333,89.9454199233658,14.0401750777786,"Researcher"
"130",2256,"F",19,6,2009,10,72,"Pennsylvania",40.91667,-75.25,"Atlantic","E",8.7,72,"Pennsylvania",10,40.91667,-75.08333,"Atlantic",5,"D","Bander",3,6,2010,14.0404551759229,89.9454188280998,0.157061982871244,0.134126868921469,0.287559878066483,0.153433009145014,-1.31082499027252,1.03160965442657,-0.830133199691772,0.00236864201724529,-1.75009822845459,0.44121116399765,3.90363430976868,3.33504104614258,0.34688001871109,1.1609011888504,1.99929702281952,0,0,40.9166666666667,-75.25,40.9166666666667,-75.0833333333333,89.9454199233658,14.0401750777786,"Researcher"
"131",2258,"M",25,6,2009,10,72,"Pennsylvania",40.91667,-75.25,"Atlantic",NA,0,72,"Pennsylvania",10,40.91667,-75.25,"Atlantic",7,"A","Bander",24,5,2010,0,NA,0.313640102578991,0.274640731601103,0.31557555523298,0,NA,NA,NA,NA,NA,0,NA,NA,NA,NA,NA,0,0,40.9166666666667,-75.25,40.9166666666667,-75.25,NA,0,"Researcher"
"132",2259,"U",25,6,2009,10,72,"Pennsylvania",40.91667,-75.25,"Atlantic","SE",14.4,59,"New Jersey",10,40.75,-75.08333,"Atlantic",7,"A","Bander",5,5,2010,23.2423169314986,142.727579890866,0.341486427638264,0.134126868921469,0.0656118449702424,-0.0685150239512266,-1.31082499027252,1.03160965442657,-0.830133199691772,0.00236864201724529,-1.75009822845459,0.44121116399765,3.90363430976868,3.33504104614258,0.34688001871109,1.1609011888504,1.99929702281952,0,0,40.9166666666667,-75.25,40.75,-75.0833333333333,142.727580284544,23.2418523035504,"Researcher"
"133",2264,"M",29,6,2009,10,72,"Pennsylvania",40.58333,-75.91667,"Atlantic","S",46.9,72,"Pennsylvania",10,39.91667,-76.08333,"Atlantic",5,"D","Public",31,5,2010,75.3713444675113,-169.1023543415,0.495155320075483,0.345768616635216,0.755262011903034,0.409493395267818,-1.31082499027252,1.03160965442657,-0.830133199691772,0.00236864201724529,-1.75009822845459,0.44121116399765,3.90363430976868,3.33504104614258,0.34688001871109,1.1609011888504,1.99929702281952,1,1,40.5833333333333,-75.9166666666667,39.9166666666667,-76.0833333333333,-169.102034572382,75.3721782191788,"Public"
"134",2292,"F",13,6,2009,10,91,"Wisconsin",44.25,-89.58333,"Mississippi","W",8.2,91,"Wisconsin",10,44.25,-89.75,"Mississippi",7,"A","Bander",22,5,2010,13.3117043751283,-89.9418496109169,0.43270068224706,0.581216431993032,0.0297575845550878,-0.551458847437944,-2.65065479278564,0.626073777675629,-2.34932470321655,0.011429063975811,-2.96968364715576,-1.31392407417297,6.59573888778687,4.16114807128906,1.13165545463562,2.7681667804718,1.99929702281952,0,0,44.25,-89.5833333333333,44.25,-89.75,-89.9418507739023,13.3114381464574,"Researcher"
"135",2297,"F",27,6,2009,10,91,"Wisconsin",44.25,-89.58333,"Mississippi","W",8.2,91,"Wisconsin",10,44.25,-89.75,"Mississippi",7,"A","Bander",29,5,2010,13.3117043751283,-89.9418496109169,0.43270068224706,0.581216431993032,0.0297575845550878,-0.551458847437944,-2.65065479278564,0.626073777675629,-2.34932470321655,0.011429063975811,-2.96968364715576,-1.31392407417297,6.59573888778687,4.16114807128906,1.13165545463562,2.7681667804718,1.99929702281952,0,0,44.25,-89.5833333333333,44.25,-89.75,-89.9418507739023,13.3114381464574,"Researcher"
"136",2321,"M",3,6,2010,0,33,"Idaho",43.485,-116.24556,"Pacific","S",2.4,33,"Idaho",0,43.45,-116.25278,"Pacific",7,"A","Bander",22,4,2011,3.93220998241533,-171.452946023547,0.313640102578991,0.274640731601103,0.31557555523298,0.14864276382639,NA,NA,NA,NA,NA,0,NA,NA,NA,NA,NA,0,0,43.4166666666667,-116.25,43.4166666666667,-116.25,NA,0,"Researcher"
"137",2326,"M",24,5,2008,10,88,"Virginia",38.58333,-78.25,"Atlantic","NE",14.6,88,"Virginia",10,38.75,-78.08333,"Atlantic",4,"D","Public",11,5,2009,23.5102029093864,38.0444816525452,0.413443792381229,0.262737697779068,0.255189432428509,-0.00754826535055886,0.321049958467484,-1.10181510448456,0.256421327590942,-1.13162970542908,0.36266753077507,-0.444419205188751,0.600238800048828,0.765536844730377,-1.43052649497986,-1.0773937702179,-0.100449420511723,0,0,38.5833333333333,-78.25,38.75,-78.0833333333333,38.0444820379469,23.5097325118436,"Public"
"138",2345,"F",15,6,2011,0,79,"Saskatchewan",52.05639,-107.50389,"Central","ENE",9.2,79,"Saskatchewan",0,52.11472,-107.30972,"Central",7,"A","Bander",6,4,2012,14.8079075361926,63.9279185268354,0.313640102578991,0.274640731601103,0.31557555523298,0,0.244098693132401,-0.325094997882843,0.795656561851501,-0.0114291300997138,-0.339805006980896,1.05901479721069,7.36594915390015,7.68173837661743,9.03817749023438,8.54046440124512,-0.100449420511723,0,0,52.0833333333333,-107.583333333333,52.0833333333333,-107.25,89.8685156324095,22.8501191301614,"Researcher"
"139",2363,"M",25,5,2012,0,33,"Idaho",43.54972,-116.215,"Pacific","SSW",4.9,33,"Idaho",0,43.48444,-116.25417,"Pacific",7,"A","Bander",1,5,2013,7.9141119980392,-156.397263294081,0.0887888905017661,0,0.259834518798084,0.259834518798084,2.22801637649536,-0.362346768379211,2.32561373710632,0.122622273862362,2.10381841659546,3.11250233650208,2.64993333816528,0.909278690814972,-1.06122779846191,-2.95188117027283,-0.328426897525787,0,0,43.5833333333333,-116.25,43.4166666666667,-116.25,-180,18.5170806662074,"Researcher"
"140",2366,"F",31,5,2012,0,33,"Idaho",43.45556,-116.23306,"Pacific","SW",1.4,33,"Idaho",0,43.44194,-116.2525,"Pacific",7,"A","Bander",21,4,2013,2.18309625308392,-133.872894908279,0.313640102578991,0.274640731601103,0.31557555523298,0.245173464944114,NA,NA,NA,NA,NA,0,NA,NA,NA,NA,NA,0,0,43.4166666666667,-116.25,43.4166666666667,-116.25,NA,0,"Researcher"
"141",2379,"M",17,6,2011,10,72,"Pennsylvania",40.58333,-75.41667,"Atlantic","NE",14.4,72,"Pennsylvania",10,40.75,-75.25,"Atlantic",7,"A","Bander",24,5,2012,23.2631644077554,37.2333542281006,0.256350704020903,0.0657570039192916,0.538104224125417,0.472347220206126,2.33613681793213,2.85970711708069,2.15453767776489,1.25107002258301,2.4555675983429,-0.0043132328428328,6.81932926177979,5.03469276428223,3.44251394271851,2.87270212173462,-0.826100170612335,0,0,40.5833333333333,-75.4166666666667,40.75,-75.25,37.2333546157251,23.2626989459335,"Researcher"
"142",2403,"F",29,6,2011,10,59,"New Jersey",41.08333,-74.75,"Atlantic","S",43,59,"New Jersey",0,40.46278,-74.80833,"Atlantic",7,"A","Bander",10,5,2012,69.0875009504958,-175.893554996443,0.254204111077387,0.434605893453331,0.755407170852083,0.320801277398752,2.00466728210449,2.94292020797729,1.98019516468048,1.06720471382141,1.98657131195068,0.0129396952688694,7.15924596786499,5.16631460189819,3.39993381500244,3.34829378128052,0.382879704236984,1,1,41.0833333333333,-74.75,40.4166666666667,-74.75,-180,74.0327204574455,"Researcher"
"143",2416,"M",10,6,2011,10,91,"Wisconsin",44.25,-89.58333,"Mississippi","N",10,91,"Wisconsin",0,44.39407,-89.60418,"Mississippi",7,"A","Bander",22,5,2012,16.0950145856391,-5.92414037914803,0.783749455653941,0.581216431993032,0.732472056902308,0.151255624909276,2.56286549568176,0.668961107730865,2.99090170860291,-1.21195578575134,2.02899193763733,0.88538259267807,10.5014524459839,9.7720775604248,4.75830841064453,5.00195264816284,1.8143812417984,0,0,44.25,-89.5833333333333,44.4166666666667,-89.5833333333333,0,18.5197919595235,"Researcher"
"144",2424,"M",24,6,2011,1,72,"Pennsylvania",40.30833,-75.025,"Atlantic","N",25.2,59,"New Jersey",0,40.67306,-75.03611,"Atlantic",7,"A","Bander",17,5,2012,40.5120572617375,-1.32863448948929,0.415735230076934,0.581506749891131,0.521846421831906,-0.0596603280592248,2.33613681793213,2.85970711708069,2.15453767776489,1.25107002258301,2.4555675983429,-0.0043132328428328,6.81932926177979,5.03469276428223,3.44251394271851,2.87270212173462,1.8143812417984,1,1,40.25,-75.0833333333333,40.75,-75.0833333333333,0,55.5221286873177,"Researcher"
"145",2431,"F",4,7,2011,10,75,"Prince Edward Island",46.25,-63.08333,"Atlantic","W",8,75,"Prince Edward Island",10,46.25,-63.25,"Atlantic",5,"D","Public",21,7,2012,12.8525356048362,-89.9398017788574,0.313640102578991,0.274640731601103,0.31557555523298,0,0.114251412451267,1.97510373592377,0.420813649892807,0.397709161043167,-0.213970452547073,0.406718015670776,3.23125314712524,2.0481584072113,2.17638325691223,1.68455183506012,1.00748896598816,0,0,46.25,-63.0833333333333,46.25,-63.25,-89.9398029827986,12.8522785593592,"Public"
"146",2450,"F",19,6,2012,10,72,"Pennsylvania",40.41667,-75.25,"Atlantic","N",30.1,72,"Pennsylvania",0,40.85287,-75.25662,"Atlantic",7,"A","Bander",5,6,2013,48.4418759289106,-0.660259029792342,0.324551216915856,0.400203222528669,0.55407170852083,0.153868485992161,2.16452074050903,3.801593542099,2.31918931007385,2.31318020820618,2.13632893562317,0.769550800323486,-1.38270580768585,0.0206059627234936,2.0038902759552,2.49372172355652,1.23201012611389,1,1,40.4166666666667,-75.25,40.9166666666667,-75.25,0,55.5237357926542,"Researcher"
"147",2459,"M",19,6,2014,0,59,"New Jersey",40.6825,-74.72389,"Atlantic","SW",21,59,"New Jersey",0,40.43278,-74.95111,"Atlantic",7,"A","Bander",2,7,2015,33.753710537543,-145.165922401467,0.286719484150935,0.468137610683699,0.669037596167804,0.200899985484105,0.0144448550418019,1.3035135269165,0.518636643886566,0.757402062416077,-0.426301807165146,-0.805398285388947,-1.956622838974,-2.6043848991394,-0.960551500320435,-0.942070484161377,1.2346498966217,1,1,40.75,-74.75,40.4166666666667,-74.9166666666667,-159.078581785313,39.6135691595996,"Researcher"
"148",2460,"F",19,6,2014,0,59,"New Jersey",40.4225,-74.98306,"Atlantic","NNW",10.9,59,"New Jersey",0,40.57694,-75.02361,"Atlantic",7,"A","Bander",4,6,2015,17.4907591087796,-11.3205781181425,0.541825571728315,0.457541007403106,0.687037305849906,0.229496298446799,0.0144448550418019,1.3035135269165,0.518636643886566,0.757402062416077,-0.426301807165146,-0.805398285388947,-1.956622838974,-2.6043848991394,-0.960551500320435,-0.942070484161377,1.00748896598816,0,0,40.4166666666667,-74.9166666666667,40.5833333333333,-75.0833333333333,-37.3029069026871,23.283507683503,"Researcher"
"149",2473,"F",8,7,2014,10,72,"Pennsylvania",40.75,-75.41667,"Atlantic","WSW",12.3,72,"Pennsylvania",0,40.66983,-75.62563,"Atlantic",7,"A","Bander",7,6,2015,19.7750943594963,-116.688316771298,0.538952845673705,0.502104804761213,0.279430976919727,-0.222673827841486,-0.171011358499527,1.25505673885345,0.357843726873398,0.829373598098755,-0.557276964187622,-1.09076845645905,-1.94997191429138,-2.61533403396606,-1.01094388961792,-1.06784760951996,1.55581760406494,0,0,40.75,-75.4166666666667,40.75,-75.5833333333333,-89.9456033318631,14.0753782212305,"Researcher"
"150",2475,"F",18,6,2014,10,72,"Pennsylvania",40.75,-75.25,"Atlantic","SSE",37.7,59,"New Jersey",0,40.29413,-74.85541,"Atlantic",7,"A","Bander",4,6,2015,60.6681943758585,146.42548782303,0.289351554237604,0.538104224125417,0.119465815067499,-0.418638409057918,-0.171011358499527,1.25505673885345,0.357843726873398,0.829373598098755,-0.557276964187622,-1.09076845645905,-1.94997191429138,-2.61533403396606,-1.01094388961792,-1.06784760951996,1.39656686782837,1,1,40.75,-75.25,40.25,-74.9166666666667,152.919495601389,62.2983685786178,"Researcher"
"151",2488,"F",23,6,2014,0,72,"Pennsylvania",40.33972,-75.03861,"Atlantic","NNW",35.1,72,"Pennsylvania",0,40.78984,-75.35064,"Atlantic",7,"A","Bander",8,6,2015,56.5387408006522,-27.7624452153681,0.366355571115077,0.54492669473073,0.577151981419655,0.0322252866889244,-0.171011358499527,1.25505673885345,0.357843726873398,0.829373598098755,-0.557276964187622,-1.09076845645905,-1.94997191429138,-2.61533403396606,-1.01094388961792,-1.06784760951996,-0.706583976745605,1,1,40.4166666666667,-75.0833333333333,40.75,-75.4166666666667,-37.2140491585079,46.5461506041671,"Researcher"
"152",2489,"F",23,6,2014,10,72,"Pennsylvania",40.58333,-75.25,"Atlantic","ESE",26.2,59,"New Jersey",0,40.45228,-74.78066,"Atlantic",7,"A","Bander",18,6,2015,42.3528949107789,109.943667412488,0.34487474310686,0.434315575555233,0.626215706198287,0.191900130643054,-0.171011358499527,1.25505673885345,0.357843726873398,0.829373598098755,-0.557276964187622,-1.09076845645905,-1.94997191429138,-2.61533403396606,-1.01094388961792,-1.06784760951996,-0.706583976745605,1,1,40.5833333333333,-75.25,40.4166666666667,-74.75,113.426499649407,46.2483248173624,"Researcher"
"153",2490,"F",28,6,2013,1,91,"Wisconsin",44.45833,-89.34167,"Mississippi","SW",22.4,91,"Wisconsin",0,44.23573,-89.67299,"Mississippi",7,"A","Bander",14,5,2014,36.1906001505538,-132.99920865603,0.678360759577192,0.639425170561765,0.490201770939178,-0.149223399622587,0.26193231344223,0.777719438076019,0.739286661148071,0.377938747406006,-0.251445800065994,0.990910232067108,-2.63142204284668,-3.63701248168945,-2.61158323287964,-3.7013156414032,-0.771696925163269,1,1,44.4166666666667,-89.4166666666667,44.25,-89.75,-124.745235374466,32.399937297666,"Researcher"
"154",2504,"F",27,5,2015,0,88,"Virginia",38.70028,-78.74083,"Atlantic","ENE",235.8,59,"New Jersey",0,40.02588,-74.66936,"Atlantic",7,"A","Bander",23,5,2016,380.452038147315,65.9630601867734,0.243351066574297,0.645521846421832,0.567716649731456,-0.077805196690376,0.559114754199982,2.53308463096619,1.48251342773438,2.81210732460022,-0.297232896089554,0.0412768051028252,4.57587623596191,3.65987873077393,-0.193867355585098,-0.928824365139008,-0.771696925163269,1,1,38.75,-78.75,40.0833333333333,-74.75,65.4833070201607,374.877520611421,"Researcher"
"155",2609,"M",25,8,1981,10,66,"Ohio",40.08333,-82.91667,"Mississippi",NA,0,66,"Ohio",10,40.08333,-82.91667,"Mississippi",3,"D","Public",24,4,1982,0,NA,0.313640102578991,0.274640731601103,0.31557555523298,0,NA,NA,NA,NA,NA,0,NA,NA,NA,NA,NA,0,0,40.0833333333333,-82.9166666666667,40.0833333333333,-82.9166666666667,NA,0,"Public"
"156",2621,"M",1,7,1974,10,33,"Idaho",47.08333,-116.58333,"Pacific",NA,0,33,"Idaho",10,47.08333,-116.58333,"Pacific",7,"A","Bander",14,5,1975,0,NA,0.313640102578991,0.274640731601103,0.31557555523298,0,NA,NA,NA,NA,NA,0,NA,NA,NA,NA,NA,0,0,47.0833333333333,-116.583333333333,47.0833333333333,-116.583333333333,NA,0,"Researcher"
"157",2642,"M",16,6,1971,10,72,"Pennsylvania",40.58333,-75.91667,"Atlantic","ENE",81.8,59,"New Jersey",10,40.91667,-74.41667,"Atlantic",5,"D","Public",19,6,1972,131.974056951038,73.2222596584247,0.429749116949727,0.31557555523298,0.00885469589200174,-0.306720859340978,-0.560864269733429,-1.1097537279129,-0.865625321865082,-1.56475591659546,-0.212179139256477,-0.468163460493088,-0.96487820148468,-0.917606830596924,2.02964997291565,1.88529515266418,-0.771696925163269,1,1,40.5833333333333,-75.9166666666667,40.9166666666667,-74.4166666666667,73.2225681452545,131.973849322445,"Public"
"158",2651,"M",15,5,1976,10,88,"Virginia",38.91667,-77.41667,"Atlantic","W",9,88,"Virginia",10,38.91667,-77.58333,"Atlantic",5,"D","Public",25,4,1977,14.4540733620116,-89.9476529500217,0.360629264044128,0.267237625199594,0.452170126288286,0.184932501088692,-0.946681439876556,-1.06279635429382,-1.08274412155151,-1.09115922451019,-0.826450347900391,-0.690201282501221,3.77081918716431,2.61670231819153,-6.19317245483398,-6.01375770568848,-0.771696925163269,0,0,38.9166666666667,-77.4166666666667,38.9166666666667,-77.5833333333333,-89.9476508598263,14.4546522241078,"Public"
"159",2670,"M",28,6,1977,10,91,"Wisconsin",44.58333,-87.91667,"Mississippi","S",46.8,91,"Wisconsin",10,43.91667,-88.08333,"Mississippi",5,"D","Public",99,5,1978,75.2637039812002,-169.755059333743,0.657365108911906,0.00667731165626361,0.858034547829874,0.85135723617361,1.25783288478851,2.93991279602051,1.08732295036316,5.06022882461548,1.26714849472046,-1.68047738075256,-0.257170081138611,-1.87063813209534,-1.30625200271606,-1.49527060985565,0.187443599104881,1,1,44.5833333333333,-87.9166666666667,43.9166666666667,-88.0833333333333,-169.754757790166,75.2645272499716,"Public"
"160",2695,"F",22,6,1990,10,91,"Wisconsin",44.08333,-90.58333,"Mississippi","ENE",42.8,91,"Wisconsin",10,44.25,-89.75,"Mississippi",7,"A","Bander",2,5,1991,69.1755824655924,74.1814550688293,0.190876171570031,0.722746407316011,0.217883582522863,-0.504862824793148,-0.349292308092117,-1.28486919403076,0.164325416088104,-1.85087513923645,-0.798861742019653,-0.146884515881538,2.70631527900696,2.53007555007935,-0.337289750576019,-0.558844983577728,-0.0275563411414623,1,1,44.0833333333333,-90.5833333333333,44.25,-89.75,74.1818081685218,69.1757383734611,"Researcher"
"161",2749,"F",23,5,1981,10,72,"Pennsylvania",40.58333,-75.58333,"Atlantic","W",17.5,72,"Pennsylvania",10,40.58333,-75.91667,"Atlantic",7,"A","Bander",5,5,1982,28.2214765965098,-89.8915721073226,0.638813429276486,0.592248512120772,0.31557555523298,-0.276672956887792,0.436269819736481,0.02210240252316,0.858658790588379,0.650801777839661,0.0671483427286148,-0.41545844078064,-0.13491028547287,-0.604089379310608,-3.48885273933411,-4.05050134658813,-0.787264585494995,0,1,40.5833333333333,-75.5833333333333,40.5833333333333,-75.9166666666667,-89.8915742684802,28.220910777998,"Researcher"
"162",2792,"F",4,6,1989,10,36,"Iowa",40.75,-92.75,"Mississippi","W",17.4,36,"Iowa",10,40.75,-93.08333,"Mississippi",7,"A","Bander",19,5,1990,28.1504622483304,-89.8912076190743,0.694105430061302,0.730875308462767,0.813470750471767,0.0825954420089998,0.409417569637299,-1.46802628040314,0.7648104429245,-0.520143687725067,0.222230479121208,-0.313424676656723,3.04399132728577,3.37662863731384,7.53671169281006,6.73377323150635,-1.62187159061432,0,1,40.75,-92.75,40.75,-93.0833333333333,-89.891206531136,28.1507437554289,"Researcher"
"163",2795,"F",5,6,1997,10,46,"Maryland",38.75,-76.91667,"Atlantic","E",9,46,"Maryland",10,38.75,-76.75,"Atlantic",7,"A","Bander",17,6,1998,14.4886903813153,89.9478386449822,0.115655392654957,0.182755116852954,0.277543910582087,0.0947887937291334,0.445541858673096,-2.06658744812012,0.230950817465782,-1.18390607833862,0.608391463756561,-0.21978572010994,0.806563794612885,1.68774151802063,3.8826756477356,4.64126586914062,-1.53738534450531,0,0,38.75,-76.9166666666667,38.75,-76.75,89.9478396881893,14.4884006133839,"Researcher"
"164",2801,"F",22,5,1991,10,33,"Idaho",43.08333,-114.75,"Pacific","NW",20.4,33,"Idaho",10,43.25,-115.08333,"Pacific",7,"A","Agency",21,5,1992,32.8270297505327,-55.5491740989543,0.0490713647233194,0,0.445492814632022,0.445492814632022,0.621948599815369,-0.94773918390274,0.552748322486877,-3.04934930801392,0.666114270687103,1.75728094577789,6.02713298797607,4.03593969345093,2.54915404319763,1.56850695610046,0.724721074104309,1,1,43.0833333333333,-114.75,43.25,-115.083333333333,-55.5499728004373,32.8270440963474,"Researcher"
"165",2807,"F",28,5,1991,10,33,"Idaho",42.91667,-114.41667,"Pacific","W",16.9,33,"Idaho",10,42.91667,-114.75,"Pacific",7,"A","Agency",1,6,1992,27.2167341649118,-89.8865119674536,0.347912502651942,0,0.933662360284511,0.933662360284511,0.577520072460175,-1.08310759067535,0.607053399085999,-3.16195130348206,0.529222249984741,1.69840240478516,5.75551748275757,3.42994093894958,2.44909238815308,0.954479455947876,-0.600011825561523,0,1,42.9166666666667,-114.416666666667,42.9166666666667,-114.75,-89.8865108396595,27.2170078015828,"Researcher"
"166",2808,"M",9,6,1991,10,33,"Idaho",43.25,-114.75,"Pacific","E",8.4,33,"Idaho",10,43.25,-114.58333,"Pacific",7,"A","Agency",21,5,1992,13.5352019008285,89.9429002540635,0.0379901706654501,0,0,0,0.621948599815369,-0.94773918390274,0.552748322486877,-3.04934930801392,0.666114270687103,1.75728094577789,6.02713298797607,4.03593969345093,2.54915404319763,1.56850695610046,0.0383057072758675,0,0,43.25,-114.75,43.25,-114.583333333333,89.9429013960364,13.5349312022947,"Researcher"
"167",2826,"M",13,8,1990,10,36,"Iowa",40.75,-92.75,"Mississippi","S",11.5,36,"Iowa",10,40.58333,-92.75,"Mississippi",5,"D","Public",28,4,1991,18.5082819167137,-180,0.554434605893453,0.730875308462767,0.643054144287995,-0.0878211641747714,-0.488925099372864,-1.27634167671204,0.550007700920105,-2.93101572990417,-1.45179510116577,-0.529018402099609,4.484459400177,2.93365454673767,-1.59667325019836,-0.722131133079529,-0.853516101837158,0,0,40.75,-92.75,40.5833333333333,-92.75,-180,18.5079117638363,"Public"
"168",2860,"M",21,6,1992,10,61,"New York",42.75,-77.08333,"Atlantic","W",68.5,61,"New York",10,42.91667,-78.41667,"Atlantic",5,"D","Bander",27,6,1993,110.575119819512,-79.9079652460059,0.65590071127885,0.703585426041515,0.49731455944259,-0.206270866598926,-1.66101813316345,-0.159146934747696,-0.447449713945389,0.245170801877975,-2.90538144111633,-2.08241891860962,-1.63491773605347,-2.06502437591553,2.22013878822327,3.28206348419189,1.90580213069916,1,1,42.75,-77.0833333333333,42.9166666666667,-78.4166666666667,-79.9081096455414,110.574523347434,"Researcher"
"169",2873,"M",2,6,1990,10,33,"Idaho",43.25,-114.25,"Pacific",NA,0,33,"Idaho",10,43.25,-114.25,"Pacific",7,"A","Agency",18,6,1991,0,NA,0.313640102578991,0.274640731601103,0.31557555523298,0,NA,NA,NA,NA,NA,0,NA,NA,NA,NA,NA,0,0,43.25,-114.25,43.25,-114.25,NA,0,"Researcher"
"170",2890,"F",25,5,1991,10,64,"North Dakota",47.75,-103.75,"Central","SSW",24.3,64,"North Dakota",10,47.41667,-103.91667,"Central",7,"A","Agency",26,5,1992,39.1236602426924,-161.247615931967,0.142816611462278,0.383364784438961,0.00899985484105095,-0.37436492959791,0.337276548147202,2.22813820838928,0.432810664176941,-0.0975876227021217,0.216589018702507,2.57051706314087,6.61659622192383,4.83367872238159,9.50319194793701,8.56419277191162,1.91568493843079,1,1,47.75,-103.75,47.4166666666667,-103.916666666667,-161.248138381356,39.1239310696049,"Researcher"
"171",2924,"F",22,6,1990,10,64,"North Dakota",47.41667,-103.75,"Central","N",11.5,64,"North Dakota",10,47.58333,-103.75,"Central",7,"A","Agency",6,6,1991,18.5293569150048,0,0,0,0,0,-0.308952063322067,-0.348734796047211,-0.515651285648346,-0.41162571310997,-0.200938701629639,1.58030819892883,4.47454357147217,2.48033237457275,0.162089720368385,0.255237251520157,1.90580213069916,0,0,47.4166666666667,-103.75,47.5833333333333,-103.75,0,18.5300981189301,"Researcher"
"172",2931,"U",20,5,1991,10,88,"Virginia",38.58333,-77.75,"Atlantic","E",9,88,"Virginia",10,38.58333,-77.58333,"Atlantic",7,"A","Bander",23,5,1992,14.5223170568349,89.9480279222805,0.66692242291023,0.749600812890115,0.577732617215851,-0.171868195674263,1.51662957668304,3.65564274787903,2.02109742164612,3.49517774581909,1.17209672927856,0.950484216213226,-0.494921922683716,-0.0527104437351227,2.02708554267883,1.73424398899078,1.16843354701996,0,0,38.5833333333333,-77.75,38.5833333333333,-77.5833333333333,89.9480289579124,14.5220259451088,"Researcher"
"173",2954,"F",10,7,1992,10,47,"Massachusetts",41.91667,-70.75,"Atlantic","N",129.1,44,"Maine",10,43.75,-70.25,"Atlantic",5,"D","Public",7,7,1993,207.724832547531,11.1804352943017,0.000393542039644522,0,0.000580635796196835,0.000580635796196835,-1.58505582809448,-1.06438958644867,-1.51308929920197,-0.335239142179489,-1.63410449028015,-0.96481990814209,-0.950670182704926,-1.29224765300751,0.794142365455627,1.60401558876038,-0.821985185146332,1,1,41.9166666666667,-70.75,43.75,-70.25,11.1804155000901,207.725195759822,"Public"
"174",2977,"F",29,5,1987,10,88,"Virginia",38.91667,-77.41667,"Atlantic","SW",14.6,88,"Virginia",10,38.75,-77.58333,"Atlantic",7,"A","Bander",22,5,1988,23.4893143589384,-141.918329829849,0.267071729257823,0.267237625199594,0.352736246189578,0.085498620989984,1.88440406322479,0.928496062755585,1.75906348228455,1.26193237304688,2.00896048545837,1.09028947353363,1.57063913345337,-0.00746421935036778,-2.0304012298584,-2.65457963943481,2.56750893592834,0,0,38.9166666666667,-77.4166666666667,38.75,-77.5833333333333,-141.916658813621,23.4893797094945,"Researcher"
"175",2979,"F",13,5,1990,10,88,"Virginia",38.75,-77.41667,"Atlantic","W",9,88,"Virginia",10,38.75,-77.58333,"Atlantic",7,"A","Bander",18,5,1991,14.4878210775196,-89.9478417746036,0.270939178400348,0.129336623602845,0.352736246189578,0.223399622586732,0.643195033073425,0.183364197611809,1.0127466917038,-1.30034327507019,0.406947463750839,-0.958193600177765,1.63475060462952,2.03343605995178,1.69495868682861,1.6762261390686,1.49210834503174,0,0,38.75,-77.4166666666667,38.75,-77.5833333333333,-89.9478396881893,14.4884006133826,"Researcher"
"176",2986,"F",18,6,1990,10,33,"Idaho",42.91667,-114.58333,"Pacific","N",23,33,"Idaho",10,43.25,-114.58333,"Pacific",7,"A","Agency",21,5,1991,37.0310831015119,0,0.137694723090205,0,0,0,0.331007391214371,-0.959256291389465,0.548101186752319,-1.57494711875916,0.077951967716217,-0.141900792717934,0.544529378414154,1.04495084285736,-0.450915277004242,-1.61252379417419,0.91875696182251,1,1,42.9166666666667,-114.583333333333,43.25,-114.583333333333,0,37.0314534052207,"Researcher"
"177",2988,"M",19,6,1990,10,33,"Idaho",43.25,-114.58333,"Pacific",NA,0,33,"Idaho",10,43.25,-114.58333,"Pacific",7,"A","Agency",14,5,1991,0,NA,0.313640102578991,0.274640731601103,0.31557555523298,0,NA,NA,NA,NA,NA,0,NA,NA,NA,NA,NA,0,0,43.25,-114.583333333333,43.25,-114.583333333333,NA,0,"Researcher"
"178",3010,"F",27,5,1988,10,36,"Iowa",41.08333,-95.75,"Mississippi","W",8.7,54,"Nebraska",10,41.08333,-95.91667,"Central",5,"D","Public",9,6,1989,14.0051333697588,-89.9452358850967,0.697706488605022,0.668311801422558,0.875889098562926,0.207577297140369,0.313561320304871,2.51181387901306,0.210103675723076,3.81832242012024,0.40335476398468,2.81779789924622,1.04493701457977,0.202344954013824,7.48015451431274,6.88987398147583,-0.347690492868423,0,0,41.0833333333333,-95.75,41.0833333333333,-95.9166666666667,-89.9452369767036,14.0048525651373,"Public"
"179",3015,"F",22,7,1999,10,63,"North Carolina",35.41667,-80.25,"Atlantic","NNW",82.7,63,"North Carolina",10,36.58333,-80.58333,"Atlantic",5,"D","Public",15,4,2000,132.894141737374,-12.9728720420275,0.273711311107885,0.462476411670779,0.272608506314414,-0.189867905356365,1.25436151027679,-0.729493737220764,1.82142400741577,-0.0788733586668968,0.828292667865753,1.92054426670074,3.50436687469482,1.88046443462372,-0.276883244514465,0.0550434365868568,0.601810812950134,1,1,35.4166666666667,-80.25,36.5833333333333,-80.5833333333333,-12.972925160388,132.894930260582,"Public"
"180",3018,"U",5,6,1988,10,91,"Wisconsin",45.25,-92.41667,"Mississippi","NE",19.9,91,"Wisconsin",10,45.41667,-92.08333,"Mississippi",5,"D","Agency",12,4,1989,32.0295030798828,54.5488831364885,0.753550664293191,0.863405428944694,0.785164755407171,-0.0782406735375236,2.47962045669556,2.16289329528809,1.17253303527832,4.91977691650391,3.75387525558472,2.06892323493958,-1.82855665683746,-1.29027438163757,5.45765256881714,4.5654935836792,0.440328627824783,1,1,45.25,-92.4166666666667,45.4166666666667,-92.0833333333333,54.5488863080062,32.0288631265799,"Researcher"
"181",3052,"U",25,6,2000,10,4,"Alberta",53.58333,-113.75,"Pacific","E",89.7,4,"Alberta",10,53.41667,-111.58333,"Pacific",5,"D","Agency",24,4,2001,144.963871776224,96.4792587939293,0.313640102578991,0.274640731601103,0.31557555523298,0,0.649563312530518,-1.36356770992279,0.890869200229645,-1.96252071857452,0.236433014273643,-0.622186303138733,5.03476858139038,4.11805820465088,11.8644495010376,11.7077045440674,0.554864048957825,1,1,53.5833333333333,-113.75,53.4166666666667,-111.583333333333,96.4795621231016,144.9637473366,"Researcher"
"182",3054,"F",18,7,1989,10,64,"North Dakota",47.91667,-103.08333,"Central","N",11.5,64,"North Dakota",10,48.08333,-103.08333,"Central",7,"A","Agency",7,7,1990,18.5309791513145,0,0.104240254189449,0.210044999274205,0.0814341704166062,-0.128610828857599,2.61856603622437,0.816000998020172,2.46349024772644,0.990566253662109,2.74422931671143,0.769950091838837,5.20111846923828,3.39268159866333,7.98758459091187,8.87417697906494,1.43321335315704,0,0,47.9166666666667,-103.083333333333,48.0833333333333,-103.083333333333,0,18.5317204201318,"Researcher"
"183",3055,"U",29,7,1988,10,64,"North Dakota",47.75,-103.75,"Central","SW",13.9,64,"North Dakota",10,47.58333,-103.91667,"Central",7,"A","Agency",21,6,1989,22.3627147728508,-145.899297293015,0.203769666246078,0.383364784438961,0.0119030338220351,-0.371461750616925,1.75946056842804,2.80465698242188,0.76363205909729,4.77267217636108,2.73059749603271,1.55937778949738,-1.56505680084229,-0.553323328495026,4.18313694000244,3.99925780296326,1.12327790260315,0,0,47.75,-103.75,47.5833333333333,-103.916666666667,-145.899299378344,22.3622673094427,"Researcher"
"184",3061,"F",9,7,1995,10,47,"Massachusetts",41.91667,-70.75,"Atlantic","W",95,18,"Connecticut",10,41.75,-72.58333,"Atlantic",5,"D","Bander",6,5,1996,153.406470407869,-96.3188128234396,0.0725903614457831,0,0.0881114820728698,0.0881114820728698,1.08043849468231,-0.317960202693939,1.35391712188721,-0.957369208335876,0.921038508415222,1.10178244113922,-0.585499405860901,-1.70373833179474,0.127506718039513,0.0118918595835567,2.08442401885986,1,1,41.9166666666667,-70.75,41.75,-72.5833333333333,-96.3186618179489,153.406704508934,"Researcher"
"185",3072,"M",14,6,1995,10,72,"Pennsylvania",40.58333,-75.75,"Atlantic","S",69.6,21,"Delaware",10,39.58333,-75.58333,"Atlantic",5,"D","Bander",3,6,1996,111.942416009748,172.650707901207,0.338454081795838,0.745391203367688,0.0149513717520685,-0.730439831615619,1.34962558746338,-0.0166874378919601,1.83385407924652,-0.785659432411194,1.00759136676788,2.22077226638794,-1.51945459842682,-2.14156627655029,-0.463999450206757,-0.78135746717453,-0.0893077328801155,1,1,40.5833333333333,-75.75,39.5833333333333,-75.5833333333333,172.650853664731,111.942379886017,"Researcher"
"186",3103,"F",21,6,1991,10,72,"Pennsylvania",41.91667,-79.58333,"Atlantic","NE",76.9,61,"New York",10,42.75,-78.58333,"Atlantic",5,"D","Bander",5,4,1992,123.937651174378,41.3447564842301,0.397366401924393,0.534910727246335,0.410364348962113,-0.124546378284221,1.1355402469635,4.18548154830933,1.03709065914154,4.31093549728394,1.20617628097534,1.46903610229492,-0.360739827156067,-0.653833985328674,1.7595089673996,2.25096487998962,1.04875063896179,1,1,41.9166666666667,-79.5833333333333,42.75,-78.5833333333333,41.3446434326564,123.93792913085,"Researcher"
"187",3125,"F",20,7,1991,10,33,"Idaho",42.75,-114.25,"Pacific","E",42.3,33,"Idaho",10,42.75,-113.41667,"Pacific",7,"A","Agency",22,5,1992,68.2250946108954,89.7171647890715,0.515226294004056,0,0.363042531572071,0.363042531572071,0.577520072460175,-1.08310759067535,0.607053399085999,-3.16195130348206,0.529222249984741,1.69840240478516,5.75551748275757,3.42994093894958,2.44909238815308,0.954479455947876,0.357541143894196,1,1,42.75,-114.25,42.75,-113.416666666667,89.7171636577046,68.225367510148,"Researcher"
"188",3143,"F",23,7,1989,10,88,"Virginia",38.91667,-77.41667,"Atlantic","SSW",24.7,88,"Virginia",10,38.58333,-77.58333,"Atlantic",7,"A","Bander",12,5,1990,39.7393298015909,-158.56660561131,0.31737552620119,0.267237625199594,0.577732617215851,0.310494992016258,0.0815975591540337,-0.401997268199921,0.965286076068878,-1.49213850498199,-0.732348740100861,-1.42063295841217,3.03238868713379,2.43388748168945,5.30677509307861,4.49854326248169,0.296970218420029,1,1,38.9166666666667,-77.4166666666667,38.5833333333333,-77.5833333333333,-158.565436440223,39.7388519543219,"Researcher"
"189",3144,"F",2,6,1990,10,36,"Iowa",42.58333,-92.25,"Mississippi","SE",57.3,36,"Iowa",10,41.91667,-91.58333,"Mississippi",4,"D","Agency",2,4,1991,92.2517329667041,143.164440040699,0.686215651421325,0.912469153723327,0.679053563652199,-0.233415590071128,-0.430753171443939,-1.19828724861145,0.450456559658051,-2.29638171195984,-1.246373295784,-0.241552904248238,3.6972758769989,2.86794424057007,-1.17238080501556,-1.4736887216568,0.840968310832977,1,1,42.5833333333333,-92.25,41.9166666666667,-91.5833333333333,143.164852588799,92.2521633311667,"Researcher"
"190",3179,"M",25,5,1999,10,88,"Virginia",38.91667,-77.41667,"Atlantic","N",11.5,88,"Virginia",10,39.08333,-77.41667,"Atlantic",3,"D","Public",11,7,2000,18.5018401071489,0,0.0647844389606619,0.0381768035999419,0.343300914501379,0.305124110901437,2.02378487586975,-0.231515541672707,1.92955112457275,0.941378593444824,2.26618456840515,1.069744348526,3.9202024936676,2.18952775001526,0.64143443107605,-0.146047666668892,0.949286282062531,0,0,38.9166666666667,-77.4166666666667,39.0833333333333,-77.4166666666667,0,18.5025802103606,"Public"
"191",3180,"F",10,6,2004,10,36,"Iowa",42.91667,-92.41667,"Mississippi","S",139.2,36,"Iowa",10,40.91667,-92.08333,"Mississippi",3,"D","Public",30,5,2005,223.857363778307,172.792322692873,0.736611878468461,0.903614457831325,0.797503266076354,-0.106111191754972,-1.29497420787811,0.835666179656982,-0.613797962665558,-0.0110446913167834,-1.96723413467407,-2.96042227745056,2.20751452445984,0.949626863002777,0.816657602787018,2.74314904212952,1.91568493843079,1,1,42.9166666666667,-92.4166666666667,40.9166666666667,-92.0833333333333,172.792465035068,223.857295532059,"Public"
"192",3214,"F",23,5,2000,10,88,"Virginia",38.91667,-77.41667,"Atlantic",NA,0,88,"Virginia",10,38.91667,-77.41667,"Atlantic",7,"A","Bander",9,5,2001,0,NA,0.313640102578991,0.274640731601103,0.31557555523298,0,NA,NA,NA,NA,NA,0,NA,NA,NA,NA,NA,0,0,38.9166666666667,-77.4166666666667,38.9166666666667,-77.4166666666667,NA,0,"Researcher"
"193",3225,"F",14,6,2006,10,59,"New Jersey",40.58333,-75.08333,"Atlantic","NW",55.6,72,"Pennsylvania",10,41.08333,-75.91667,"Atlantic",5,"D","Bander",16,6,2007,89.5742346992306,-51.4210934574612,0.240243985531504,0.574829438234867,0,-0.574829438234867,1.52834165096283,0.387694805860519,2.12756967544556,0.471087664365768,0.980677306652069,0.925909399986267,1.38225924968719,-0.501692593097687,3.54608750343323,3.80387687683105,0.670896351337433,1,1,40.5833333333333,-75.0833333333333,41.0833333333333,-75.9166666666667,-51.4208712438179,89.5737907231303,"Researcher"
"194",3226,"M",1,7,2006,10,59,"New Jersey",40.75,-75.08333,"Atlantic","NW",14.4,72,"Pennsylvania",10,40.91667,-75.25,"Atlantic",7,"A","Public",25,5,2007,23.2423169314986,-37.1634409503237,0.342471434792526,0.0656118449702424,0.138626796341994,0.0730149513717521,1.52834165096283,0.387694805860519,2.12756967544556,0.471087664365768,0.980677306652069,0.925909399986267,1.38225924968719,-0.501692593097687,3.54608750343323,3.80387687683105,1.27210247516632,0,0,40.75,-75.0833333333333,40.9166666666667,-75.25,-37.16344273986,23.2418523035504,"Public"
"195",3227,"F",27,5,2006,0,88,"Virginia",38.68889,-77.53,"Atlantic","NW",5.1,88,"Virginia",10,38.75,-77.58333,"Atlantic",7,"A","Bander",28,5,2007,8.21773330609222,-34.3429947372266,0.313640102578991,0.274640731601103,0.31557555523298,-0.620409348236319,NA,NA,NA,NA,NA,0,NA,NA,NA,NA,NA,0,0,38.75,-77.5833333333333,38.75,-77.5833333333333,NA,0,"Researcher"
"196",3241,"F",5,6,2006,10,59,"New Jersey",40.58333,-75.25,"Atlantic","E",30.8,59,"New Jersey",0,40.52833,-74.66694,"Atlantic",7,"A","Bander",17,5,2007,49.7598368410331,96.8606038547075,0.41972050304174,0.434315575555233,0.382929307591813,-0.0513862679634199,1.52834165096283,0.387694805860519,2.12756967544556,0.471087664365768,0.980677306652069,0.925909399986267,1.38225924968719,-0.501692593097687,3.54608750343323,3.80387687683105,0.647390484809875,1,1,40.5833333333333,-75.25,40.5833333333333,-74.75,89.8373610707028,42.3313345848337,"Researcher"
"197",3242,"M",9,6,2006,10,59,"New Jersey",40.75,-75.08333,"Atlantic","NW",14.4,72,"Pennsylvania",10,40.91667,-75.25,"Atlantic",7,"A","Bander",13,6,2007,23.2423169314986,-37.1634409503237,0.342471434792526,0.0656118449702424,0.138626796341994,0.0730149513717521,1.52834165096283,0.387694805860519,2.12756967544556,0.471087664365768,0.980677306652069,0.925909399986267,1.38225924968719,-0.501692593097687,3.54608750343323,3.80387687683105,-2.07045269012451,0,0,40.75,-75.0833333333333,40.9166666666667,-75.25,-37.16344273986,23.2418523035504,"Researcher"
"198",3243,"M",13,6,2006,10,59,"New Jersey",41.25,-74.58333,"Atlantic","SSW",55,59,"New Jersey",0,40.47694,-74.83833,"Atlantic",7,"A","Bander",17,5,2007,88.5001240251126,-165.857379100802,0.21935478808755,0.632602699956452,0.488169545652489,-0.144433154303963,1.6248539686203,0.884974539279938,2.28673005104065,0.181133434176445,0.964117884635925,0.303782880306244,0.833113491535187,-1.20595252513885,3.26784300804138,3.83990430831909,1.3247526884079,1,1,41.25,-74.5833333333333,40.4166666666667,-74.9166666666667,-162.99134636281,96.7186987424989,"Researcher"
"199",3267,"F",27,6,2008,10,91,"Wisconsin",44.25,-89.58333,"Mississippi","NW",14.1,91,"Wisconsin",10,44.41667,-89.75,"Mississippi",7,"A","Bander",27,6,2009,22.7968630486169,-35.6107874174135,0.455280675196483,0.581216431993032,0.270576281027725,-0.310640150965307,0.171240776777267,-1.59230494499207,0.492985963821411,-1.27536249160767,-0.0702112540602684,0.627067565917969,1.74313831329346,0.787279188632965,-2.3507227897644,-4.03339576721191,1.3247526884079,0,0,44.25,-89.5833333333333,44.4166666666667,-89.75,-35.6107893593935,22.7964073360659,"Researcher"
"200",3268,"F",12,7,2008,10,91,"Wisconsin",44.25,-89.58333,"Mississippi","NW",14.1,91,"Wisconsin",10,44.41667,-89.75,"Mississippi",7,"A","Bander",6,6,2009,22.7968630486169,-35.6107874174135,0.455280675196483,0.581216431993032,0.270576281027725,-0.310640150965307,0.171240776777267,-1.59230494499207,0.492985963821411,-1.27536249160767,-0.0702112540602684,0.627067565917969,1.74313831329346,0.787279188632965,-2.3507227897644,-4.03339576721191,1.6675922870636,0,0,44.25,-89.5833333333333,44.4166666666667,-89.75,-35.6107893593935,22.7964073360659,"Researcher"
"201",3305,"F",8,6,2009,10,72,"Pennsylvania",40.75,-75.41667,"Atlantic","ENE",20.9,72,"Pennsylvania",10,40.91667,-75.08333,"Atlantic",5,"D","Bander",4,6,2010,33.6614233625198,56.534254903423,0.428400348381478,0.502104804761213,0.287559878066483,-0.214544926694731,-1.31082499027252,1.03160965442657,-0.830133199691772,0.00236864201724529,-1.75009822845459,0.44121116399765,3.90363430976868,3.33504104614258,0.34688001871109,1.1609011888504,1.3247526884079,1,1,40.75,-75.4166666666667,40.9166666666667,-75.0833333333333,56.5342577498925,33.6607507342873,"Researcher"
"202",3306,"F",8,6,2009,10,72,"Pennsylvania",40.75,-75.41667,"Atlantic","E",18.1,59,"New Jersey",0,40.76167,-75.07028,"Atlantic",7,"A","Bander",29,5,2010,29.2795435394338,87.3501395909696,0.502491895292011,0.502104804761213,0.415299753229787,-0.0868050515314269,-1.31082499027252,1.03160965442657,-0.830133199691772,0.00236864201724529,-1.75009822845459,0.44121116399765,3.90363430976868,3.33504104614258,0.34688001871109,1.1609011888504,1.3247526884079,0,1,40.75,-75.4166666666667,40.75,-75.0833333333333,89.891206531136,28.1507437554301,"Researcher"
"203",3308,"M",1,7,2009,10,72,"Pennsylvania",40.75,-75.41667,"Atlantic","E",8.7,72,"Pennsylvania",10,40.75,-75.25,"Atlantic",7,"A","Bander",2,6,2010,14.0756597287109,89.9456022439289,0.490727972129482,0.502104804761213,0.538104224125417,0.0359994193642038,-1.31082499027252,1.03160965442657,-0.830133199691772,0.00236864201724529,-1.75009822845459,0.44121116399765,3.90363430976868,3.33504104614258,0.34688001871109,1.1609011888504,1.05190169811249,0,0,40.75,-75.4166666666667,40.75,-75.25,89.9456033318631,14.0753782212317,"Researcher"
"204",3311,"F",2,7,2009,10,59,"New Jersey",41.25,-74.58333,"Atlantic","WSW",41.6,72,"Pennsylvania",10,40.91667,-75.25,"Atlantic",7,"A","Bander",16,6,2010,67.1453985976963,-123.237566479822,0.132600838944285,0.632602699956452,0.134126868921469,-0.498475831034983,-1.4033921957016,0.865166068077087,-0.803439080715179,0.0915658921003342,-2.04173636436462,0.435122549533844,4.21774530410767,3.68968200683594,0.504361271858215,1.47485721111298,-0.43347579240799,1,1,41.25,-74.5833333333333,40.9166666666667,-75.25,-123.23796221649,67.1453701759176,"Researcher"
"205",3313,"M",12,6,2008,0,79,"Saskatchewan",50.39472,-104.64361,"Central","W",56,79,"Saskatchewan",10,50.41667,-105.91667,"Central",5,"D","Public",27,4,2009,90.534450760898,-87.9641656298384,0.313640102578991,0.274640731601103,0.31557555523298,0,-0.182546138763428,-1.70814824104309,0.0153009463101625,0.0973711833357811,-0.347693234682083,1.32454752922058,-1.58443522453308,-2.31508588790894,1.61620604991913,1.05698144435883,-0.43347579240799,1,1,50.4166666666667,-104.583333333333,50.4166666666667,-105.916666666667,-89.4861914735219,94.7643400323755,"Public"
"206",3314,"M",12,6,2008,0,79,"Saskatchewan",50.39472,-104.64361,"Central","SE",438.6,81,"South Dakota",10,45.25,-99.08333,"Central",5,"D","Public",8,4,2009,707.071727405078,141.856865351949,0.313640102578991,0.274640731601103,0.31557555523298,0,-0.182546138763428,-1.70814824104309,0.0153009463101625,0.0973711833357811,-0.347693234682083,1.32454752922058,-1.58443522453308,-2.31508588790894,1.61620604991913,1.05698144435883,1.99929702281952,1,1,50.4166666666667,-104.583333333333,45.25,-99.0833333333333,142.297403229575,706.363726448063,"Public"
"207",3322,"U",6,6,2011,10,72,"Pennsylvania",40.91667,-75.25,"Atlantic","SW",14.4,72,"Pennsylvania",10,40.75,-75.41667,"Atlantic",7,"A","Bander",7,6,2012,23.2423169314986,-142.727579890866,0.279955782350905,0.134126868921469,0.502104804761213,0.367977935839744,2.33613681793213,2.85970711708069,2.15453767776489,1.25107002258301,2.4555675983429,-0.0043132328428328,6.81932926177979,5.03469276428223,3.44251394271851,2.87270212173462,1.99929702281952,0,0,40.9166666666667,-75.25,40.75,-75.4166666666667,-142.727580284544,23.2418523035504,"Researcher"
"208",3323,"U",15,6,2011,10,72,"Pennsylvania",40.91667,-75.25,"Atlantic","SW",14.4,72,"Pennsylvania",10,40.75,-75.41667,"Atlantic",7,"A","Bander",31,5,2012,23.2423169314986,-142.727579890866,0.279955782350905,0.134126868921469,0.502104804761213,0.367977935839744,2.33613681793213,2.85970711708069,2.15453767776489,1.25107002258301,2.4555675983429,-0.0043132328428328,6.81932926177979,5.03469276428223,3.44251394271851,2.87270212173462,1.99929702281952,0,0,40.9166666666667,-75.25,40.75,-75.4166666666667,-142.727580284544,23.2418523035504,"Researcher"
"209",3327,"U",26,6,2011,10,72,"Pennsylvania",40.91667,-75.25,"Atlantic","SSE",11.2,59,"New Jersey",0,40.77167,-75.155,"Atlantic",7,"A","Bander",17,5,2012,17.9853513610106,153.516572012556,0.379348720181933,0.134126868921469,0.796777471331108,0.662650602409639,2.33613681793213,2.85970711708069,2.15453767776489,1.25107002258301,2.4555675983429,-0.0043132328428328,6.81932926177979,5.03469276428223,3.44251394271851,2.87270212173462,1.96087968349457,0,0,40.9166666666667,-75.25,40.75,-75.0833333333333,142.727580284544,23.2418523035504,"Researcher"
"210",3328,"U",26,6,2011,10,72,"Pennsylvania",40.91667,-75.25,"Atlantic","SSE",13.7,59,"New Jersey",0,40.74389,-75.12028,"Atlantic",7,"A","Bander",17,5,2012,22.0880012953196,150.262743586469,0.394054704186799,0.134126868921469,0.462911888517927,0.328785019596458,2.33613681793213,2.85970711708069,2.15453767776489,1.25107002258301,2.4555675983429,-0.0043132328428328,6.81932926177979,5.03469276428223,3.44251394271851,2.87270212173462,0.859454452991486,0,0,40.9166666666667,-75.25,40.75,-75.0833333333333,142.727580284544,23.2418523035504,"Researcher"
"211",3337,"F",30,6,2011,1,72,"Pennsylvania",39.95833,-76.44167,"Atlantic","E",72,72,"Pennsylvania",10,39.91667,-75.08333,"Atlantic",5,"D","Public",7,6,2012,116.190558932303,91.845464962897,0.355053510867127,0.249673392364639,0,-0.249673392364639,2.50946998596191,2.66077899932861,2.32195973396301,1.40609264373779,2.75636625289917,0.396232128143311,6.42947435379028,5.0469274520874,3.53044629096985,2.53588628768921,0.859454452991486,1,1,39.9166666666667,-76.4166666666667,39.9166666666667,-75.0833333333333,89.5722067558837,113.995703685007,"Public"
"212",3342,"F",25,6,2011,10,72,"Pennsylvania",40.75,-75.25,"Atlantic","S",34.5,72,"Pennsylvania",10,40.25,-75.25,"Atlantic",4,"D","Public",13,4,2012,55.5221286873177,-180,0.279705742073285,0.538104224125417,0.0187255044273479,-0.519378719698069,2.33613681793213,2.85970711708069,2.15453767776489,1.25107002258301,2.4555675983429,-0.0043132328428328,6.81932926177979,5.03469276428223,3.44251394271851,2.87270212173462,1.00748896598816,1,1,40.75,-75.25,40.25,-75.25,-180,55.5221286873177,"Public"
"213",3357,"U",21,6,2011,10,72,"Pennsylvania",40.75,-75.41667,"Atlantic","E",8.7,72,"Pennsylvania",10,40.75,-75.25,"Atlantic",7,"A","Bander",6,6,2012,14.0756597287109,89.9456022439289,0.490727972129482,0.502104804761213,0.538104224125417,0.0359994193642038,2.33613681793213,2.85970711708069,2.15453767776489,1.25107002258301,2.4555675983429,-0.0043132328428328,6.81932926177979,5.03469276428223,3.44251394271851,2.87270212173462,1.00748896598816,0,0,40.75,-75.4166666666667,40.75,-75.25,89.9456033318631,14.0753782212317,"Researcher"
"214",3358,"F",20,6,2011,10,72,"Pennsylvania",40.75,-75.41667,"Atlantic","NE",14.4,72,"Pennsylvania",10,40.91667,-75.25,"Atlantic",10,"A","Public",8,7,2012,23.2423169314986,37.1634409503237,0.279955782350905,0.502104804761213,0.134126868921469,-0.367977935839744,2.33613681793213,2.85970711708069,2.15453767776489,1.25107002258301,2.4555675983429,-0.0043132328428328,6.81932926177979,5.03469276428223,3.44251394271851,2.87270212173462,1.00748896598816,0,0,40.75,-75.4166666666667,40.9166666666667,-75.25,37.16344273986,23.2418523035504,"Public"
"215",3377,"F",25,6,2010,10,83,"Texas",33.58333,-101.91667,"Central",NA,0,83,"Texas",10,33.58333,-101.91667,"Central",5,"D","Public",28,6,2011,0,NA,0.313640102578991,0.274640731601103,0.31557555523298,0,NA,NA,NA,NA,NA,0,NA,NA,NA,NA,NA,0,0,33.5833333333333,-101.916666666667,33.5833333333333,-101.916666666667,NA,0,"Public"
"216",3393,"F",13,6,2011,10,72,"Pennsylvania",40.58333,-75.91667,"Atlantic","E",35,72,"Pennsylvania",10,40.58333,-75.25,"Atlantic",5,"D","Public",5,5,2012,56.4420055019248,89.7831464049531,0.293957624339392,0.345768616635216,0.434315575555233,0.0885469589200174,2.33613681793213,2.85970711708069,2.15453767776489,1.25107002258301,2.4555675983429,-0.0043132328428328,6.81932926177979,5.03469276428223,3.44251394271851,2.87270212173462,1.00748896598816,1,1,40.5833333333333,-75.9166666666667,40.5833333333333,-75.25,89.783147474502,56.4417204927611,"Public"
"217",3403,"U",3,7,2013,10,72,"Pennsylvania",40.58333,-75.58333,"Atlantic","NNW",5,72,"Pennsylvania",0,40.65094,-75.61642,"Atlantic",5,"D","Bander",26,5,2014,8.01301029214328,-20.4424071826418,0.313640102578991,0.274640731601103,0.31557555523298,0.0351284656699085,NA,NA,NA,NA,NA,0,NA,NA,NA,NA,NA,0,0,40.5833333333333,-75.5833333333333,40.5833333333333,-75.5833333333333,NA,0,"Researcher"
"218",3412,"F",19,6,2013,10,59,"New Jersey",41.25,-74.58333,"Atlantic","SSW",64.8,72,"Pennsylvania",0,40.43776,-75.2046,"Atlantic",7,"A","Public",9,5,2014,104.311967019966,-149.645683291402,0.316268483801083,0.632602699956452,0.670924662505443,0.0383219625489911,2.22476744651794,0.743253767490387,3.41562223434448,0.850373208522797,1.13092792034149,-0.851518392562866,-2.44549679756165,-3.48802995681763,-1.27540826797485,-2.32904124259949,0.960907518863678,1,1,41.25,-74.5833333333333,40.4166666666667,-75.25,-148.497534345826,108.285804650316,"Public"
"219",3421,"M",30,6,2014,10,18,"Connecticut",41.91667,-73.41667,"Atlantic","NNE",55.7,47,"Massachusetts",0,42.70546,-73.19135,"Atlantic",4,"D","Public",29,4,2015,89.5658207080939,11.8947944535773,0.127835374471889,0.232399477427783,0.0621280301930614,-0.170271447234722,0.199652269482613,1.2768862247467,0.831731557846069,0.677187979221344,-0.355517029762268,-0.63032728433609,-2.20535588264465,-2.99920392036438,-1.13042736053467,-1.27613735198975,1.00748896598816,1,1,41.9166666666667,-73.4166666666667,42.75,-73.25,8.38461786232367,93.5800274899106,"Public"
"220",3432,"U",16,6,2014,0,72,"Pennsylvania",40.88083,-75.31222,"Atlantic","ESE",11,72,"Pennsylvania",0,40.83559,-75.10984,"Atlantic",5,"D","Bander",24,6,2015,17.7879268074096,106.339441224167,0.383913162690924,0.109449847583103,0.748875018144869,0.639425170561765,-0.171011358499527,1.25505673885345,0.357843726873398,0.829373598098755,-0.557276964187622,-1.09076845645905,-1.94997191429138,-2.61533403396606,-1.01094388961792,-1.06784760951996,1.00748896598816,0,0,40.9166666666667,-75.25,40.9166666666667,-75.0833333333333,89.9454199233658,14.0401750777786,"Researcher"
"221",3434,"F",3,6,2014,1,34,"Illinois",38.25833,-89.75833,"Mississippi","NNW",10.8,34,"Illinois",0,38.4051,-89.82554,"Mississippi",5,"D","Public",18,4,2015,17.3193174764553,-19.8136958067272,0.642836405864421,0.802583829293076,0.927130207577297,0.124546378284221,-2.56595373153687,1.45887684822083,-2.5812976360321,0.532555341720581,-2.53072643280029,-0.147942319512367,0.272981733083725,-0.595827519893646,1.14222049713135,0.89574658870697,1.00748896598816,0,0,38.25,-89.75,38.4166666666667,-89.75,0,18.5004656468812,"Public"
"222",3444,"F",15,6,2014,10,59,"New Jersey",40.75,-75.08333,"Atlantic","W",20.4,72,"Pennsylvania",0,40.73848,-75.47307,"Atlantic",7,"A","Bander",10,6,2015,32.9420946151986,-92.098403570299,0.546668602119321,0.0656118449702424,0.682101901582232,0.61649005661199,-0.171011358499527,1.25505673885345,0.357843726873398,0.829373598098755,-0.557276964187622,-1.09076845645905,-1.94997191429138,-2.61533403396606,-1.01094388961792,-1.06784760951996,1.00748896598816,1,1,40.75,-75.0833333333333,40.75,-75.4166666666667,-89.891206531136,28.1507437554301,"Researcher"
"223",3464,"M",5,7,2013,10,91,"Wisconsin",44.25,-89.58333,"Mississippi","N",11.5,91,"Wisconsin",10,44.41667,-89.58333,"Mississippi",7,"A","Bander",2,4,2014,18.5201623607886,0,0.780939017112627,0.581216431993032,0.914211061111918,0.332994629118885,0.26193231344223,0.777719438076019,0.739286661148071,0.377938747406006,-0.251445800065994,0.990910232067108,-2.63142204284668,-3.63701248168945,-2.61158323287964,-3.7013156414032,-0.0968425571918488,0,0,44.25,-89.5833333333333,44.4166666666667,-89.5833333333333,0,18.5197919595235,"Researcher"
"224",3465,"F",5,7,2013,10,91,"Wisconsin",44.25,-89.58333,"Mississippi",NA,0,91,"Wisconsin",10,44.25,-89.58333,"Mississippi",7,"A","Bander",25,5,2014,0,NA,0.313640102578991,0.274640731601103,0.31557555523298,0,NA,NA,NA,NA,NA,0,NA,NA,NA,NA,NA,0,0,44.25,-89.5833333333333,44.25,-89.5833333333333,NA,0,"Researcher"
"225",3471,"M",7,6,2013,0,33,"Idaho",43.44194,-116.2525,"Pacific","NNW",3.5,33,"Idaho",0,43.49083,-116.27278,"Pacific",7,"A","Bander",29,4,2014,5.67426464519057,-16.8040558265766,0.313640102578991,0.274640731601103,0.31557555523298,-0.246625054434606,NA,NA,NA,NA,NA,0,NA,NA,NA,NA,NA,0,0,43.4166666666667,-116.25,43.4166666666667,-116.25,NA,0,"Researcher"
"226",3472,"F",14,6,2013,0,33,"Idaho",43.44222,-116.24306,"Pacific","NNW",3.3,33,"Idaho",0,43.48778,-116.26278,"Pacific",7,"A","Bander",29,5,2014,5.30739161247742,-17.4914702841518,0.313640102578991,0.274640731601103,0.31557555523298,0.0447089563071563,NA,NA,NA,NA,NA,0,NA,NA,NA,NA,NA,0,0,43.4166666666667,-116.25,43.4166666666667,-116.25,NA,0,"Researcher"
"227",3474,"F",13,6,2013,0,33,"Idaho",43.51722,-116.05083,"Pacific","W",14.6,33,"Idaho",1,43.50833,-116.34167,"Pacific",7,"A","Bander",6,5,2014,23.5379333316569,-92.3048321339961,0.147082305124111,0,0.767890840470315,0.767890840470315,2.98085618019104,0.576190173625946,2.75798845291138,1.1905083656311,2.98666834831238,2.59511280059814,2.335116147995,2.08143424987793,3.85222601890564,1.88687682151794,0.0364012271165848,0,0,43.5833333333333,-116.083333333333,43.5833333333333,-116.416666666667,-89.8850983524292,26.9217685415683,"Researcher"
"228",3482,"U",17,6,2013,10,72,"Pennsylvania",40.91667,-75.25,"Atlantic","S",27.4,72,"Pennsylvania",0,40.52182,-75.19403,"Atlantic",13,"A","Public",18,6,2014,44.1017648983923,173.826149950986,0.340427976968113,0.134126868921469,0.490201770939178,0.356074902017709,1.81315529346466,0.718066334724426,2.96905422210693,0.462184339761734,0.921532928943634,-1.01864731311798,-2.01109886169434,-2.98009443283081,-1.56342172622681,-2.90243363380432,-0.489501565694809,1,1,40.9166666666667,-75.25,40.5833333333333,-75.25,-180,37.0163597366168,"Public"
"229",3490,"F",4,7,2013,1,18,"Connecticut",41.55833,-73.425,"Atlantic","SW",100.5,59,"New Jersey",0,40.37412,-74.5443,"Atlantic",10,"A","Public",5,5,2014,161.775593196796,-144.0120342487,0.0185972244258626,0.10277253592684,0.148933081724488,0.0461605457976484,2.3669912815094,0.626843869686127,3.50358295440674,0.864645183086395,1.36805081367493,-0.634753406047821,-2.0644965171814,-3.388028383255,-0.970514416694641,-1.88456737995148,-0.771696925163269,1,1,41.5833333333333,-73.4166666666667,40.4166666666667,-74.5833333333333,-142.468042365617,162.543069842259,"Public"
"230",3520,"M",11,6,1961,10,61,"New York",43.08333,-76.08333,"Atlantic",NA,0,61,"New York",10,43.08333,-76.08333,"Atlantic",3,"D","Public",28,6,1962,0,NA,0.313640102578991,0.274640731601103,0.31557555523298,0,NA,NA,NA,NA,NA,0,NA,NA,NA,NA,NA,0,0,43.0833333333333,-76.0833333333333,43.0833333333333,-76.0833333333333,NA,0,"Public"
"231",3584,"M",13,6,1970,10,89,"Washington",46.75,-117.25,"Pacific","SSE",351.5,55,"Nevada",10,41.75,-115.91667,"Pacific",3,"D","Public",43,4,1971,565.674740093064,168.68012020566,0.159489983412178,0.985919581942227,0.000290317898098418,-0.985629264044128,1.06323254108429,-0.195855379104614,1.46043264865875,0.570440530776978,0.72274249792099,2.28012800216675,-1.98111605644226,-0.88525801897049,2.24163627624512,2.56479740142822,1.62508225440979,1,1,46.75,-117.25,41.75,-115.916666666667,168.680092548034,565.674790087282,"Public"
"232",3754,"M",27,7,1978,10,79,"Saskatchewan",52.08333,-106.58333,"Central","W",134.6,79,"Saskatchewan",10,52.25,-109.75,"Central",6,"A","Public",42,5,1979,217.446661897914,-83.8584515377469,0.313640102578991,0.274640731601103,0.31557555523298,0,-0.478269964456558,1.63032424449921,-0.708962798118591,1.26892149448395,-0.3081434071064,-1.17004990577698,0.839502334594727,0.173315554857254,-1.13093280792236,-1.34032249450684,-0.771696925163269,1,1,52.0833333333333,-106.583333333333,52.25,-109.75,-83.8585448589211,217.446395027857,"Public"
"233",3832,"M",9,7,1980,10,68,"Ontario",46.41667,-81.08333,"Atlantic","ESE",207.9,68,"Ontario",10,45.58333,-76.91667,"Atlantic",5,"D","Other",79,5,1981,335.744420898268,104.506643663698,0.313640102578991,0.274640731601103,0.31557555523298,0,-0.0368855632841587,1.07817220687866,0.107529260218143,1.91741955280304,-0.0240963343530893,1.08866345882416,1.70534288883209,3.23760342597961,-1.31490182876587,-2.18445539474487,0.187443599104881,1,1,46.4166666666667,-81.0833333333333,45.5833333333333,-76.9166666666667,104.506495462547,335.744712842659,"Public"
"234",3869,"F",19,7,1969,10,61,"New York",43.08333,-77.58333,"Atlantic","SE",235.1,59,"New Jersey",10,40.75,-74.25,"Atlantic",3,"D","Public",6,4,1970,378.932632061839,132.019858627136,0.285568242248959,0.455799100014516,0.00116127159239367,-0.454637828422122,-0.153279080986977,-0.691294074058533,0.222067356109619,-0.3335040807724,-0.476315647363663,1.31556391716003,-1.70403671264648,-1.15668046474457,-3.31642293930054,-4.58450794219971,2.19953417778015,1,1,43.0833333333333,-77.5833333333333,40.75,-74.25,132.019870458349,378.933081599021,"Public"
"235",3876,"U",30,5,1997,10,72,"Pennsylvania",41.75,-79.91667,"Atlantic","W",8.6,72,"Pennsylvania",10,41.75,-80.08333,"Atlantic",5,"D","Public",30,4,1998,13.8618201664378,-89.9445120589144,0.286585239408581,0.346058934533314,0.522136739730004,0.17607780519669,-0.270914971828461,-2.61622357368469,-0.167307659983635,-3.30384111404419,-0.411959528923035,-1.59798014163971,1.9184592962265,2.7015643119812,4.27357387542725,5.97090435028076,2.19953417778015,0,0,41.75,-79.9166666666667,41.75,-80.0833333333333,-89.9445098393062,13.8623746612494,"Public"
"236",3890,"M",9,6,1988,10,54,"Nebraska",40.91667,-96.41667,"Central","S",371,67,"Oklahoma",10,35.58333,-97.25,"Central",5,"D","Public",21,4,1989,596.475956530787,-172.714905699583,0.410489153519783,0.892727536652635,0.101756423283495,-0.790971113369139,-0.248521223664284,2.23598194122314,-0.0464975647628307,2.99640369415283,-0.524692714214325,2.26872587203979,1.65276169776917,0.164131298661232,7.25126791000366,6.07135915756226,2.19953417778015,1,1,40.9166666666667,-96.4166666666667,35.5833333333333,-97.25,-172.71486815007,596.475257692597,"Public"
"237",3895,"F",2,6,1985,10,68,"Ontario",42.75,-81.08333,"Atlantic",NA,0,68,"Ontario",10,42.75,-81.08333,"Atlantic",3,"D","Bander",99,6,1986,0,NA,0.313640102578991,0.274640731601103,0.31557555523298,0,NA,NA,NA,NA,NA,0,NA,NA,NA,NA,NA,0,0,42.75,-81.0833333333333,42.75,-81.0833333333333,NA,0,"Researcher"
"238",4009,"U",30,5,1976,10,82,"Tennessee",35.08333,-87.41667,"Mississippi","S",58.3,2,"Alabama",10,34.25,-87.58333,"Mississippi",5,"D","Public",99,4,1977,93.6985430072179,-170.569799287015,0.424026992483599,0.481056757149078,0.261576426186674,-0.219480330962404,-1.06317627429962,-2.58130097389221,-1.10855782032013,-2.9623646736145,-0.903240978717804,-1.39635956287384,3.47910118103027,2.32980751991272,-7.03719902038574,-6.70420026779175,-0.0968425571918488,1,1,35.0833333333333,-87.4166666666667,34.25,-87.5833333333333,-170.569465787764,93.6990074316517,"Public"
"239",4010,"M",9,7,1977,10,44,"Maine",44.91667,-69.08333,"Atlantic","SE",20,44,"Maine",10,44.75,-68.75,"Atlantic",5,"D","Public",43,6,1978,32.2149514288426,124.97805618864,0.0853876170877699,0.0497895195238786,0.122368994048483,0.0725794745246044,-0.0575238652527332,0.447799861431122,-0.362032175064087,2.3329656124115,0.21431440114975,-0.410675138235092,-1.25376999378204,-1.74144220352173,-1.11053884029388,-0.322752833366394,-0.0200860016047955,1,1,44.9166666666667,-69.0833333333333,44.75,-68.75,124.977245656905,32.2149547376371,"Public"
"240",4023,"F",13,6,1981,10,47,"Massachusetts",42.75,-71.25,"Atlantic","E",16.9,47,"Massachusetts",10,42.75,-70.91667,"Atlantic",5,"D","Public",27,5,1982,27.2899672037326,89.8868675010592,0.060624598220766,0.0622731891421106,0.036144578313253,-0.0261286108288576,0.458224415779114,0.781389713287354,0.649290800094604,1.30895864963531,0.260269224643707,-0.0560842305421829,0.14804607629776,-1.04790723323822,-3.60567092895508,-4.81839990615845,-0.331566244363785,0,1,42.75,-71.25,42.75,-70.9166666666667,89.8868663697194,27.2902401057783,"Public"
"241",4047,"U",5,6,1996,10,92,"Wyoming",41.25,-104.91667,"Central","SE",14.4,92,"Wyoming",10,41.08333,-104.75,"Central",5,"D","Agency",7,7,1997,23.2005119263152,142.867752471907,0.0162474337971507,0,0,0,-0.0667894408106804,0.768512070178986,0.401904940605164,-0.804880559444427,-0.503846824169159,0.237119078636169,4.31999063491821,1.97994232177734,-0.583747148513794,0.635704100131989,-1.03481531143188,0,0,41.25,-104.916666666667,41.0833333333333,-104.75,142.867754274643,23.2000477164111,"Researcher"
"242",4108,"M",7,6,1985,10,68,"Ontario",42.75,-81.25,"Atlantic","SSW",82.3,66,"Ohio",10,41.58333,-81.58333,"Mississippi",5,"D","Other",8,7,1986,132.484274141727,-167.888167703221,0.313640102578991,0.274640731601103,0.31557555523298,0,-0.352484315633774,1.31008625030518,-0.0879146754741669,2.04292511940002,-0.702274262905121,-0.706821858882904,2.32473635673523,0.876946449279785,0.649724841117859,0.828382015228271,2.02801585197449,1,1,42.75,-81.25,41.5833333333333,-81.5833333333333,-167.888017076391,132.483969125841,"Public"
"243",4141,"M",12,7,1978,10,44,"Maine",44.91667,-68.91667,"Atlantic","W",57,44,"Maine",10,44.91667,-70.08333,"Atlantic",5,"D","Public",3,6,1979,92.1198928906472,-89.588116575977,0.126228328715596,0.0753374945565394,0.0316446508927275,-0.0436928436638119,0.00498428661376238,0.794764339923859,-0.340659528970718,1.5718777179718,0.418790191411972,1.03721737861633,2.35610485076904,3.08084177970886,0.923397958278656,2.16309642791748,0.907498896121979,1,1,44.9166666666667,-68.9166666666667,44.9166666666667,-70.0833333333333,-89.5881142462937,92.1204246098498,"Public"
"244",4165,"M",10,6,1986,10,46,"Maryland",39.08333,-76.75,"Atlantic","W",8.9,46,"Maryland",10,39.08333,-76.91667,"Atlantic",5,"D","Public",22,4,1987,14.4210701487999,-89.947461427433,0.0861518362607055,0.0747568587603426,0.133401074176223,0.0586442154158804,1.11407423019409,1.13359975814819,1.26363241672516,2.0018413066864,1.07940030097961,-1.24921905994415,2.44034147262573,0.430583894252777,-0.672005832195282,0.43623873591423,-0.662617027759552,0,0,39.0833333333333,-76.75,39.0833333333333,-76.9166666666667,-89.9474624744211,14.4207810545975,"Public"
"245",4174,"F",17,7,1991,10,79,"Saskatchewan",52.08333,-106.58333,"Central","SE",143.9,79,"Saskatchewan",10,50.41667,-104.58333,"Central",5,"D","Public",23,5,1992,232.101594264705,142.233067346119,0.313640102578991,0.274640731601103,0.31557555523298,0,0.404198527336121,0.935729801654816,0.583617627620697,0.358973473310471,0.284617871046066,4.34270477294922,7.26881551742554,8.56056785583496,9.20731544494629,8.37756538391113,1.04161477088928,1,1,52.0833333333333,-106.583333333333,50.4166666666667,-104.583333333333,142.233177476183,232.102186648502,"Public"
"246",4238,"M",5,7,1985,10,47,"Massachusetts",42.25,-72.25,"Atlantic","SW",20.6,47,"Massachusetts",10,42.08333,-72.58333,"Atlantic",5,"D","Agency",5,7,1986,33.1878048427454,-123.793784986677,0.0820377260468634,0.055595877485847,0.00362897372623022,-0.0519669037596168,-0.0595318302512169,0.828384459018707,-0.437614500522614,1.2763819694519,0.246187746524811,-0.589573264122009,2.23715281486511,0.463774561882019,1.47885644435883,0.738622784614563,-1.90975761413574,1,1,42.25,-72.25,42.0833333333333,-72.5833333333333,-123.792988784249,33.1878263194015,"Researcher"
"247",4315,"F",16,6,1974,10,47,"Massachusetts",41.41667,-70.58333,"Atlantic",NA,0,47,"Massachusetts",10,41.41667,-70.58333,"Atlantic",5,"D","Public",7,5,1975,0,NA,0.313640102578991,0.274640731601103,0.31557555523298,0,NA,NA,NA,NA,NA,0,NA,NA,NA,NA,NA,0,0,41.4166666666667,-70.5833333333333,41.4166666666667,-70.5833333333333,NA,0,"Public"
"248",4391,"U",1,7,1989,10,79,"Saskatchewan",52.08333,-106.58333,"Central",NA,0,79,"Saskatchewan",10,52.08333,-106.58333,"Central",4,"D","Agency",4,5,1990,0,NA,0.313640102578991,0.274640731601103,0.31557555523298,0,NA,NA,NA,NA,NA,0,NA,NA,NA,NA,NA,0,0,52.0833333333333,-106.583333333333,52.0833333333333,-106.583333333333,NA,0,"Researcher"
"249",4392,"M",8,7,1990,10,79,"Saskatchewan",52.08333,-106.58333,"Central","SSE",282.4,53,"Montana",10,48.08333,-105.25,"Central",5,"D","Public",28,4,1991,455.019486702571,167.379911290718,0.313640102578991,0.274640731601103,0.31557555523298,0,-0.627539694309235,0.0269556920975447,-0.158227533102036,0.125228509306908,-1.05770790576935,0.705025196075439,2.53107523918152,1.47512447834015,2.49417090415955,1.53754055500031,0.02104651927948,1,1,52.0833333333333,-106.583333333333,48.0833333333333,-105.25,167.379881427786,455.019535488786,"Public"
"250",4413,"M",10,6,1978,10,91,"Wisconsin",44.25,-89.58333,"Mississippi","ENE",104.4,91,"Wisconsin",10,44.75,-87.58333,"Mississippi",3,"D","Other",13,5,1979,168.478310657541,70.046078204722,0.573600425799584,0.674698795180723,0.785890550152417,0.111191754971694,-1.0623950958252,0.944394469261169,-0.119778960943222,1.1370108127594,-1.9564483165741,0.488719880580902,-0.408485531806946,0.979695022106171,-4.62296772003174,-4.60569477081299,-0.608923256397247,1,1,44.25,-89.5833333333333,44.75,-87.5833333333333,70.046078204722,168.478310657541,"Public"
"251",4419,"M",3,7,1976,10,91,"Wisconsin",44.25,-89.58333,"Mississippi",NA,0,91,"Wisconsin",10,44.25,-89.58333,"Mississippi",4,"D","Bander",16,5,1977,0,NA,0.313640102578991,0.274640731601103,0.31557555523298,0,NA,NA,NA,NA,NA,0,NA,NA,NA,NA,NA,0,0,44.25,-89.5833333333333,44.25,-89.5833333333333,NA,0,"Researcher"
"252",4453,"F",15,6,1974,10,47,"Massachusetts",42.58333,-71.25,"Atlantic","NNW",24.5,58,"New Hampshire",10,42.91667,-71.41667,"Atlantic",5,"D","Public",14,4,1975,39.4641376059174,-20.1720888986813,0.0736650110131463,0,0.171577877776165,0.171577877776165,-0.190158918499947,-0.746057629585266,-0.161452397704124,-2.2362596988678,-0.171797648072243,0.933652639389038,-0.788861215114594,-1.00520396232605,2.22591018676758,2.53740859031677,0.223368182778358,1,1,42.5833333333333,-71.25,42.9166666666667,-71.4166666666667,-20.1720900284927,39.4633483399298,"Public"
"253",4485,"F",28,6,2000,10,91,"Wisconsin",44.58333,-89.91667,"Mississippi","SE",33.7,91,"Wisconsin",10,44.25,-89.41667,"Mississippi",7,"A","Bander",8,6,2001,54.3844054310888,132.752165927334,0.660681884163159,0.729859195819422,0.892001741907389,0.162142546087966,-0.722612082958221,1.84335517883301,0.103923954069614,0.851477026939392,-1.50354015827179,-0.105511270463467,-0.031868901103735,0.435680508613586,3.76040482521057,4.22864246368408,0.0295588970184326,1,1,44.5833333333333,-89.9166666666667,44.25,-89.4166666666667,132.752452472156,54.3846568780737,"Researcher"
"254",4508,"U",28,6,1975,10,47,"Massachusetts",42.25,-71.25,"Atlantic","NNE",62.9,44,"Maine",10,43.08333,-70.75,"Atlantic",5,"D","Public",20,4,1976,101.240149031593,23.7143923975417,0.0122860063684628,0.0410799825809261,0,-0.0410799825809261,1.19497740268707,1.93369221687317,1.61013841629028,2.70862507820129,0.82831335067749,0.00737906247377396,1.84167063236237,0.263447701931,-1.7635942697525,-2.78429651260376,-0.0970439985394478,1,1,42.25,-71.25,43.0833333333333,-70.75,23.71430697422,101.240487190686,"Public"
"255",4534,"M",5,7,1988,10,79,"Saskatchewan",50.75,-108.25,"Central",NA,0,79,"Saskatchewan",10,50.75,-108.25,"Central",7,"A","Bander",30,4,1989,0,NA,0.313640102578991,0.274640731601103,0.31557555523298,0,NA,NA,NA,NA,NA,0,NA,NA,NA,NA,NA,0,0,50.75,-108.25,50.75,-108.25,NA,0,"Researcher"
"256",4569,"F",12,6,1979,10,91,"Wisconsin",44.58333,-87.91667,"Mississippi","W",82,91,"Wisconsin",10,44.58333,-89.58333,"Mississippi",7,"A","Bander",25,4,1980,132.357505378612,-89.4150264596868,0.520252176132865,0.00667731165626361,0.344317027144723,0.33763971548846,-0.183531507849693,-0.674831569194794,-0.135257974267006,-1.73580062389374,-0.129448845982552,-1.60712158679962,-0.969595372676849,-1.25079917907715,0.887383639812469,1.15244579315186,-0.654145061969757,1,1,44.5833333333333,-87.9166666666667,44.5833333333333,-89.5833333333333,-89.4150240850866,132.358027228851,"Researcher"
"257",4572,"F",28,6,1992,10,91,"Wisconsin",44.58333,-90.08333,"Mississippi","ENE",42.5,91,"Wisconsin",10,44.75,-89.25,"Mississippi",3,"D","Agency",1,5,1993,68.6312741530953,74.0511495037542,0.516777955194271,0.775874582668021,0.409783713165917,-0.366090869502105,-2.97447562217712,0.378379493951797,-2.22908163070679,1.54517900943756,-3.63986778259277,-1.85533130168915,0.491496384143829,0.136451616883278,1.83312058448792,1.51634311676025,2.79599523544312,1,1,44.5833333333333,-90.0833333333333,44.75,-89.25,74.0515052047209,68.6314269037863,"Researcher"
"258",4594,"F",26,6,1997,10,59,"New Jersey",40.75,-75.08333,"Atlantic","W",17.4,72,"Pennsylvania",10,40.75,-75.41667,"Atlantic",7,"A","Bander",3,6,1998,28.1513067696272,-89.8912043552596,0.534381933931941,0.0656118449702424,0.508491798519379,0.442879953549136,0.0368338786065578,-1.63864922523499,-0.325666815042496,-1.77665674686432,0.483898848295212,-0.655354738235474,1.95213878154755,2.17196798324585,4.4506721496582,5.56168365478516,-0.0312786139547825,0,1,40.75,-75.0833333333333,40.75,-75.4166666666667,-89.891206531136,28.1507437554301,"Researcher"
"259",4691,"M",28,6,1994,10,33,"Idaho",43.41667,-116.25,"Pacific","N",11.5,33,"Idaho",10,43.58333,-116.25,"Pacific",7,"A","Agency",16,6,1995,18.5163399829792,0,0.125925388300189,0,0.029176948758891,0.029176948758891,1.32950901985168,1.87979674339294,1.47290813922882,1.24546563625336,1.24231719970703,2.36462998390198,0.208845198154449,1.38019144535065,1.74449062347412,3.3941376209259,0.871391355991364,0,0,43.4166666666667,-116.25,43.5833333333333,-116.25,0,18.5170806662074,"Researcher"
"260",4692,"M",13,7,1993,10,33,"Idaho",43.41667,-116.25,"Pacific","N",11.5,33,"Idaho",10,43.58333,-116.25,"Pacific",7,"A","Agency",6,6,1994,18.5163399829792,0,0.125925388300189,0,0.029176948758891,0.029176948758891,-5.37975931167603,2.30623936653137,-3.65103650093079,2.36885213851929,-7.12930297851562,-2.95540332794189,4.53581190109253,1.60485327243805,2.75335955619812,2.87645077705383,0.454424381256104,0,0,43.4166666666667,-116.25,43.5833333333333,-116.25,0,18.5170806662074,"Researcher"
"261",4694,"F",2,6,1993,10,33,"Idaho",43.58333,-116.41667,"Pacific","S",11.5,33,"Idaho",10,43.41667,-116.41667,"Pacific",7,"A","Agency",22,4,1994,18.5163399829792,-180,0.668932026023041,0.793293656553926,0.191609812744956,-0.601683843808971,-5.37975931167603,2.30623936653137,-3.65103650093079,2.36885213851929,-7.12930297851562,-2.95540332794189,4.53581190109253,1.60485327243805,2.75335955619812,2.87645077705383,0.0273062288761139,0,0,43.5833333333333,-116.416666666667,43.4166666666667,-116.416666666667,-180,18.5170806662074,"Researcher"
"262",4702,"F",28,5,1994,10,36,"Iowa",41.58333,-91.58333,"Mississippi","SSW",24.6,36,"Iowa",10,41.25,-91.75,"Mississippi",7,"A","Agency",4,5,1995,39.5557804203857,-159.318906716219,0.862624335552191,0.868050515314269,0.890550152416896,0.0224996371026274,-1.20605170726776,-0.796266973018646,-0.662998259067535,0.502238214015961,-1.51784324645996,-1.28853523731232,3.02989721298218,2.1538360118866,-0.364785522222519,1.92389023303986,1.13842165470123,1,1,41.5833333333333,-91.5833333333333,41.25,-91.75,-159.319474983848,39.5560286157898,"Researcher"
"263",4719,"M",23,6,1998,10,52,"Missouri",38.58333,-90.58333,"Mississippi","ENE",29.3,34,"Illinois",10,38.75,-90.08333,"Mississippi",4,"D","Other",25,4,1999,47.2855890700404,66.809837186298,0.0772357269671829,0.0119030338220351,0.35041370300479,0.338510669182755,0.351874649524689,3.49970626831055,1.80801236629486,2.20553064346313,-1.01564848423004,0.276790082454681,-0.625530898571014,-0.579652070999146,0.800060570240021,1.65950930118561,0.589891135692596,1,1,38.5833333333333,-90.5833333333333,38.75,-90.0833333333333,66.8102493121444,47.2854433612462,"Public"
"264",4729,"F",8,8,1998,10,83,"Texas",33.08333,-96.58333,"Central","WSW",45,83,"Texas",10,32.75,-97.25,"Central",5,"D","Public",9,6,1999,72.4943575917399,-120.477805301908,0.0697718880222624,0.312382058353897,0,-0.312382058353897,3.35275506973267,2.07415246963501,2.82615876197815,3.23896765708923,3.93214797973633,2.00455665588379,-0.914822459220886,0.585348188877106,3.03877997398376,2.36999821662903,-0.248353451490402,1,1,33.0833333333333,-96.5833333333333,32.75,-97.25,-120.478183671907,72.4942768846924,"Public"
"265",4736,"F",24,5,1997,10,88,"Virginia",38.91667,-77.41667,"Atlantic","SW",14.6,88,"Virginia",10,38.75,-77.58333,"Atlantic",7,"A","Bander",23,5,1998,23.4893143589384,-141.918329829849,0.0992472471642162,0.0381768035999419,0.140659021628683,0.102482218028741,0.446378201246262,-2.48052000999451,0.254009932279587,-1.29780173301697,0.582040667533875,-0.301769226789474,0.60246753692627,1.63500559329987,3.71718978881836,4.75516796112061,-2.11146807670593,0,0,38.9166666666667,-77.4166666666667,38.75,-77.5833333333333,-141.916658813621,23.4893797094945,"Researcher"
"266",4808,"F",13,7,1998,10,14,"California",38.58333,-121.75,"Pacific","N",57.5,14,"California",10,39.41667,-121.75,"Pacific",5,"D","Public",29,7,1999,92.5136445589054,0,0.744284366381187,0.585716359413558,0.938307446654086,0.352591087240528,0.456087052822113,-1.00887906551361,0.724179029464722,-5.10796403884888,0.115272827446461,2.38631272315979,-1.58065402507782,-0.688150107860565,1.01453518867493,0.680178999900818,-0.653778851032257,1,1,38.5833333333333,-121.75,39.4166666666667,-121.75,0,92.5129044556121,"Public"
"267",4811,"M",18,5,1995,10,38,"Kansas",39.08333,-94.75,"Central","NW",14.6,38,"Kansas",10,39.25,-94.91667,"Central",4,"D","Agency",2,4,1996,23.4490107955533,-37.8464773360405,0.503924130255964,0.290027580200319,0.703585426041515,0.413557845841196,0.206609189510345,-1.34577202796936,0.409926652908325,-4.10232973098755,-0.0686491578817368,1.5026228427887,-1.23252558708191,-2.8526725769043,-0.222101643681526,-0.65564239025116,1.5483523607254,0,0,39.0833333333333,-94.75,39.25,-94.9166666666667,-37.8464777222282,23.4485416205133,"Researcher"
"268",4819,"M",10,6,2003,10,68,"Ontario",42.91667,-80.25,"Atlantic",NA,0,68,"Ontario",10,42.91667,-80.25,"Atlantic",7,"A","Bander",27,4,2004,0,NA,0.313640102578991,0.274640731601103,0.31557555523298,0,NA,NA,NA,NA,NA,0,NA,NA,NA,NA,NA,0,0,42.9166666666667,-80.25,42.9166666666667,-80.25,NA,0,"Researcher"
"269",4835,"F",15,6,1992,10,55,"Nevada",39.25,-119.41667,"Pacific","W",17.8,55,"Nevada",10,39.25,-119.75,"Pacific",3,"D","Other",8,8,1993,28.773274848007,-89.8945499873368,0.0240576764890889,0,0,0,-1.0436452627182,3.43900012969971,-0.253521263599396,5.00449323654175,-1.80714535713196,1.27182626724243,2.31025004386902,3.78032088279724,-3.26624751091003,-2.04132151603699,-1.70155954360962,0,1,39.25,-119.416666666667,39.25,-119.75,-89.8945489328226,28.7735625833072,"Public"
"270",4851,"F",6,6,1994,10,36,"Iowa",42.25,-91.75,"Mississippi","E",25.6,36,"Iowa",10,42.25,-91.25,"Mississippi",3,"D","Public",20,4,1995,41.2627790676628,89.8319077114887,0.838575184271221,0.946436347800842,0.872695601683844,-0.0737407461169981,-1.29484760761261,-0.722100496292114,-0.560427010059357,0.810341417789459,-1.84281182289124,-1.88118207454681,3.10703563690186,2.31643056869507,0.217929512262344,2.63134980201721,-1.70155954360962,1,1,42.25,-91.75,42.25,-91.25,89.8319077114887,41.2627790676628,"Public"
"271",4885,"F",19,6,1996,10,33,"Idaho",43.58333,-116.41667,"Pacific",NA,0,33,"Idaho",10,43.58333,-116.41667,"Pacific",0,"D","Public",11,8,1997,0,NA,0.313640102578991,0.274640731601103,0.31557555523298,0,NA,NA,NA,NA,NA,0,NA,NA,NA,NA,NA,0,0,43.5833333333333,-116.416666666667,43.5833333333333,-116.416666666667,NA,0,"Public"
"272",4894,"M",2,7,2003,10,47,"Massachusetts",41.75,-70.75,"Atlantic","W",61.1,18,"Connecticut",10,41.91667,-71.91667,"Atlantic",7,"A","Public",23,6,2004,98.6627155166163,-78.7969084364482,0.0767510662270424,0.132820438380026,0.00522572216577152,-0.127594716214255,0.553846478462219,-0.519037663936615,0.706389725208282,-1.27789485454559,0.358774423599243,1.30137932300568,0.370230376720428,0.728390574455261,-4.27889585494995,-3.39199185371399,-1.06890821456909,1,1,41.75,-70.75,41.9166666666667,-71.9166666666667,-78.7970908438848,98.6623765588559,"Public"
"273",4899,"M",9,6,1999,10,36,"Iowa",42.91667,-93.41667,"Mississippi","NNW",84.4,50,"Minnesota",10,44.08333,-93.91667,"Mississippi",3,"D","Public",12,5,2000,135.779545965111,-17.1550979655779,0.828771730396897,0.93583974452025,0.797503266076354,-0.138336478443896,2.24986028671265,1.62101638317108,2.76201033592224,-0.440565258264542,1.75888407230377,-0.837992548942566,7.2390308380127,4.73358726501465,3.37966656684875,2.77495837211609,1.70983874797821,1,1,42.9166666666667,-93.4166666666667,44.0833333333333,-93.9166666666667,-17.155004883373,135.780253032759,"Public"
"274",4908,"F",1,6,1998,10,88,"Virginia",38.91667,-77.58333,"Atlantic","E",9,88,"Virginia",10,38.91667,-77.41667,"Atlantic",7,"A","Bander",13,5,1999,14.4540733620116,89.9476529500217,0.189831615619103,0.535346204093482,0.0381768035999419,-0.49716940049354,0.411110192537308,2.33962678909302,0.409164071083069,0.864039540290833,0.412800699472427,1.23695635795593,-0.841686129570007,-1.00116813182831,3.02592015266418,1.99120950698853,1.70616936683655,0,0,38.9166666666667,-77.5833333333333,38.9166666666667,-77.4166666666667,89.9476508598263,14.4546522241078,"Researcher"
"275",4911,"F",24,6,2003,10,68,"Ontario",42.75,-81.08333,"Atlantic","ENE",75.7,68,"Ontario",10,43.25,-79.75,"Atlantic",7,"A","Bander",5,6,2004,122.086607221655,62.4836178389778,0.313640102578991,0.274640731601103,0.31557555523298,0,0.0489641390740871,0.214841619133949,0.419255167245865,-1.43372869491577,-0.415137857198715,0.932972609996796,2.31402850151062,2.97978806495667,-2.42907643318176,-2.72816395759583,-0.886466920375824,1,1,42.75,-81.0833333333333,43.25,-79.75,62.4836747396076,122.086849253221,"Researcher"
"276",4927,"F",21,6,1993,10,88,"Virginia",38.91667,-77.41667,"Atlantic","SW",14.6,88,"Virginia",10,38.75,-77.58333,"Atlantic",3,"D","Bander",29,5,1994,23.4893143589384,-141.918329829849,0.267071729257823,0.267237625199594,0.352736246189578,0.085498620989984,1.99021542072296,0.967590987682343,1.90363645553589,0.968711853027344,2.13448762893677,1.21881401538849,0.047306701540947,0.0304152946919203,-3.27006483078003,-2.65776562690735,1.17943072319031,0,0,38.9166666666667,-77.4166666666667,38.75,-77.5833333333333,-141.916658813621,23.4893797094945,"Researcher"
"277",4940,"F",17,5,1996,10,33,"Idaho",43.41667,-116.25,"Pacific","N",11.5,33,"Idaho",10,43.58333,-116.25,"Pacific",7,"A","Bander",10,5,1997,18.5163399829792,0,0.125925388300189,0,0.029176948758891,0.029176948758891,0.943286061286926,-0.405664652585983,0.958253979682922,-2.55645275115967,1.03494024276733,0.945578873157501,2.35970044136047,1.33771729469299,0.764697730541229,0.998895466327667,2.86120843887329,0,0,43.4166666666667,-116.25,43.5833333333333,-116.25,0,18.5170806662074,"Researcher"
"278",4942,"M",19,6,2001,10,68,"Ontario",42.75,-81.08333,"Atlantic","ENE",408,87,"Vermont",10,43.75,-73.08333,"Atlantic",5,"D","Public",27,6,2002,658.833245880402,77.568439801131,0.313640102578991,0.274640731601103,0.31557555523298,0,0.107430279254913,2.01254534721375,0.0171971004456282,1.22346186637878,0.154596209526062,1.93379294872284,1.19805908203125,0.435211062431335,4.54937887191772,5.47915172576904,1.55279004573822,1,1,42.75,-81.0833333333333,43.75,-73.0833333333333,77.568439801131,658.833245880402,"Public"
"279",4947,"U",18,5,2005,10,33,"Idaho",43.58333,-116.08333,"Pacific","SW",14.2,33,"Idaho",10,43.41667,-116.25,"Pacific",7,"A","Public",18,4,2006,22.9032105545241,-143.888352238762,0.0237023826804637,0,0.0795471040789665,0.0795471040789665,1.03643679618835,1.16079986095428,1.08854484558105,-0.725016176700592,1.13744330406189,1.59953367710114,-0.983658313751221,0.297873914241791,2.34168434143066,3.17378306388855,-1.11232602596283,0,0,43.5833333333333,-116.083333333333,43.4166666666667,-116.25,-143.889989136599,22.9036507097151,"Public"
"280",4971,"M",8,5,2005,10,36,"Iowa",42.08333,-93.75,"Mississippi","E",8.5,36,"Iowa",10,42.08333,-93.58333,"Mississippi",5,"D","Public",14,8,2006,13.7907036439511,89.9441479682581,0.806503120917405,0.916098127449557,0.605167658586152,-0.310930468863405,0.870089054107666,-0.730312526226044,1.03402781486511,-1.5933164358139,0.708695292472839,-0.042182769626379,1.9189225435257,2.33858299255371,7.78549194335938,10.1471309661865,2.26527833938599,0,0,42.0833333333333,-93.75,42.0833333333333,-93.5833333333333,89.9441490816792,13.7904271136569,"Public"
"281",4981,"M",1,7,2005,10,36,"Iowa",42.41667,-94.58333,"Mississippi","SSE",52.7,36,"Iowa",10,41.75,-94.08333,"Mississippi",7,"A","Bander",30,5,2006,84.8231079325486,150.640428078594,0.874996975855228,0.919146465379591,0.767455363623167,-0.151691101756423,0.907380640506744,-0.543492436408997,1.17354643344879,-1.34017384052277,0.635484874248505,-0.101429276168346,1.78938984870911,2.26078462600708,8.22940635681152,10.2895708084106,0.247831240296364,1,1,42.4166666666667,-94.5833333333333,41.75,-94.0833333333333,150.640305459936,84.8227852191226,"Researcher"
"282",5005,"M",10,7,2005,10,47,"Massachusetts",41.75,-70.75,"Atlantic","N",69.6,47,"Massachusetts",10,42.75,-70.91667,"Atlantic",5,"D","Bander",12,7,2006,111.926426449308,-7.00293115441663,0.0760874824599603,0.132820438380026,0.1191754971694,-0.0136449412106256,0.3614561855793,-1.13467657566071,0.786575138568878,-3.10866475105286,0.14457343518734,2.06662130355835,0.793599128723145,-0.0374887995421886,3.97205686569214,4.46002006530762,0.518359899520874,1,1,41.75,-70.75,42.75,-70.9166666666667,-7.00279252261647,111.926392647589,"Researcher"
"283",5008,"U",8,6,2005,10,68,"Ontario",42.91667,-80.91667,"Atlantic",NA,0,68,"Ontario",10,42.91667,-80.91667,"Atlantic",5,"D","Public",27,5,2006,0,NA,0.313640102578991,0.274640731601103,0.31557555523298,0,NA,NA,NA,NA,NA,0,NA,NA,NA,NA,NA,0,0,42.9166666666667,-80.9166666666667,42.9166666666667,-80.9166666666667,NA,0,"Public"
"284",5019,"U",9,6,2008,10,72,"Pennsylvania",40.91667,-75.25,"Atlantic","S",11.5,72,"Pennsylvania",10,40.75,-75.25,"Atlantic",7,"A","Bander",19,5,2009,18.5088181471057,-180,0.447191174335898,0.138626796341994,0.566119901291915,0.42749310494992,0.887552678585052,-1.42780101299286,1.12484085559845,-1.16025078296661,0.703833341598511,-0.390865325927734,1.25916981697083,0.256803035736084,-2.04217743873596,-1.87898111343384,1.50161004066467,0,0,40.9166666666667,-75.25,40.75,-75.25,-180,18.5084479727804,"Researcher"
"285",5020,"F",15,6,2008,10,72,"Pennsylvania",40.91667,-75.25,"Atlantic","SSE",26.9,59,"New Jersey",0,40.58611,-74.97667,"Atlantic",7,"A","Bander",15,6,2009,43.3626494771413,147.748323959883,0.388692655494804,0.138626796341994,0.514588474379445,0.375961678037451,0.887552678585052,-1.42780101299286,1.12484085559845,-1.16025078296661,0.703833341598511,-0.390865325927734,1.25916981697083,0.256803035736084,-2.04217743873596,-1.87898111343384,0.720814228057861,1,1,40.9166666666667,-75.25,40.5833333333333,-74.9166666666667,142.63827889094,46.5044948151538,"Researcher"
"286",5039,"F",14,6,2008,10,72,"Pennsylvania",40.58333,-75.75,"Atlantic","W",8.7,72,"Pennsylvania",10,40.58333,-75.91667,"Atlantic",7,"A","Bander",20,5,2009,14.1107446150433,-89.9457861200686,0.559214482715716,0.587603425751198,0.345768616635216,-0.241834809115982,0.887552678585052,-1.42780101299286,1.12484085559845,-1.16025078296661,0.703833341598511,-0.390865325927734,1.25916981697083,0.256803035736084,-2.04217743873596,-1.87898111343384,0.180055230855942,0,0,40.5833333333333,-75.75,40.5833333333333,-75.9166666666667,-89.9457872006435,14.1104617054089,"Researcher"
"287",5045,"F",11,6,2008,10,72,"Pennsylvania",40.58333,-75.75,"Atlantic","ENE",28.6,72,"Pennsylvania",10,40.75,-75.25,"Atlantic",7,"A","Bander",15,6,2009,46.1524169016642,66.1949943300084,0.536066622581356,0.587603425751198,0.566119901291915,-0.0214835244592829,0.887552678585052,-1.42780101299286,1.12484085559845,-1.16025078296661,0.703833341598511,-0.390865325927734,1.25916981697083,0.256803035736084,-2.04217743873596,-1.87898111343384,1.69730830192566,1,1,40.5833333333333,-75.75,40.75,-75.25,66.1954147548259,46.1522674998677,"Researcher"
"288",5057,"M",30,5,2008,0,33,"Idaho",43.57361,-116.3425,"Pacific","W",3.8,33,"Idaho",10,43.58333,-116.41667,"Pacific",5,"D","Public",20,4,2009,6.08740661162968,-79.7558437355715,0.313640102578991,0.274640731601103,0.31557555523298,-0.142110611119175,NA,NA,NA,NA,NA,0,NA,NA,NA,NA,NA,0,0,43.5833333333333,-116.416666666667,43.5833333333333,-116.416666666667,NA,0,"Public"
"289",5063,"F",11,6,2008,0,59,"New Jersey",40.47694,-74.83833,"Atlantic","WSW",76.2,72,"Pennsylvania",10,39.91667,-76.08333,"Atlantic",4,"D","Public",6,7,2009,122.913869817086,-120.003599813847,0.392444374477377,0.488169545652489,0.755262011903034,0.267092466250544,1.09629511833191,-1.18208086490631,1.33004653453827,-1.03528594970703,0.882327795028687,-0.290853321552277,1.00684916973114,0.128982335329056,-2.00164747238159,-1.75692510604858,0.936444103717804,1,1,40.4166666666667,-74.9166666666667,39.9166666666667,-76.0833333333333,-118.811977684881,113.838031612948,"Public"
"290",5065,"F",28,6,2008,10,72,"Pennsylvania",40.58333,-75.41667,"Atlantic","ESE",49.5,59,"New Jersey",10,40.25,-74.58333,"Atlantic",7,"A","Agency",1,6,2009,79.8270071155319,117.353762776911,0.268616635215561,0.0657570039192916,0.391058208738569,0.325301204819277,0.887552678585052,-1.42780101299286,1.12484085559845,-1.16025078296661,0.703833341598511,-0.390865325927734,1.25916981697083,0.256803035736084,-2.04217743873596,-1.87898111343384,0.183158233761787,1,1,40.5833333333333,-75.4166666666667,40.25,-74.5833333333333,117.354189206029,79.8266758878045,"Researcher"
"291",5067,"F",28,6,2008,10,61,"New York",44.75,-74.91667,"Atlantic","S",196.3,61,"New York",10,41.91667,-74.58333,"Atlantic",5,"D","Public",3,4,2009,315.938654807214,174.976558277586,0.108547337595537,0.0609667586006677,0,-0.0609667586006677,0.375729590654373,-1.20497274398804,1.02969133853912,-0.890355050563812,-0.286442160606384,-0.612892508506775,1.97324371337891,0.845648407936096,-2.49904751777649,-2.77112364768982,0.266957640647888,1,1,44.75,-74.9166666666667,41.9166666666667,-74.5833333333333,174.976663879505,315.938977524056,"Public"
"292",5074,"M",5,6,2007,10,68,"Ontario",43.08333,-79.58333,"Atlantic","NW",14.2,68,"Ontario",10,43.25,-79.75,"Atlantic",5,"D","Public",12,6,2008,22.9468206517738,-36.1464636213584,0.313640102578991,0.274640731601103,0.31557555523298,0,-0.42854830622673,0.603125035762787,-0.470281362533569,2.39293694496155,-0.380948752164841,1.34802091121674,-1.31964933872223,-1.23483836650848,3.00806736946106,4.1802020072937,1.89855194091797,0,0,43.0833333333333,-79.5833333333333,43.25,-79.75,-36.1464640082526,22.9463615117309,"Public"
"293",5128,"F",30,6,2010,10,49,"Michigan",44.91667,-83.58333,"Mississippi","NW",42.2,49,"Michigan",10,45.41667,-84.08333,"Mississippi",5,"D","Public",3,5,2011,68.0653973865359,-35.0988890681856,0.195137175206851,0.388590506604732,0.134852663666715,-0.253737842938017,2.17009449005127,2.92155528068542,2.73624706268311,2.76085495948792,1.59771299362183,2.08201336860657,-0.432553350925446,-0.572020471096039,-0.910285234451294,-0.91977596282959,-1.05459380149841,1,1,44.9166666666667,-83.5833333333333,45.4166666666667,-84.0833333333333,-35.0988906697435,68.0653986839595,"Public"
"294",5129,"M",30,6,2010,10,49,"Michigan",44.91667,-84.08333,"Mississippi","WSW",74,49,"Michigan",10,44.41667,-85.41667,"Mississippi",4,"D","Public",21,4,2011,119.444865778349,-117.251107579174,0.0136102763869721,0.0146610538539701,0.214109449847583,0.199448395993613,2.13305616378784,2.71746373176575,2.75093555450439,2.66089773178101,1.46842753887177,2.06075620651245,-0.397045522928238,-0.669837892055511,-0.813344359397888,-0.798160195350647,-1.05459380149841,1,1,44.9166666666667,-84.0833333333333,44.4166666666667,-85.4166666666667,-117.251226556587,119.444403147689,"Public"
"295",5149,"M",19,6,2010,10,91,"Wisconsin",44.25,-89.58333,"Mississippi","NW",14.1,91,"Wisconsin",10,44.41667,-89.75,"Mississippi",7,"A","Bander",30,5,2011,22.7968630486169,-35.6107874174135,0.454938514816581,0.581216431993032,0.270576281027725,-0.310640150965307,1.53461170196533,1.9187445640564,2.65260148048401,1.74386274814606,0.516437590122223,1.84914660453796,0.129736855626106,0.198714658617973,-0.620351791381836,0.949289202690125,-1.05459380149841,0,0,44.25,-89.5833333333333,44.4166666666667,-89.75,-35.6107893593935,22.7964073360659,"Researcher"
"296",5151,"F",3,6,2010,10,91,"Wisconsin",44.25,-89.58333,"Mississippi","NW",14.1,91,"Wisconsin",10,44.41667,-89.75,"Mississippi",7,"A","Bander",15,5,2011,22.7968630486169,-35.6107874174135,0.454938514816581,0.581216431993032,0.270576281027725,-0.310640150965307,1.53461170196533,1.9187445640564,2.65260148048401,1.74386274814606,0.516437590122223,1.84914660453796,0.129736855626106,0.198714658617973,-0.620351791381836,0.949289202690125,-1.05459380149841,0,0,44.25,-89.5833333333333,44.4166666666667,-89.75,-35.6107893593935,22.7964073360659,"Researcher"
"297",5199,"F",14,6,2011,0,33,"Idaho",43.50083,-116.49389,"Pacific","ESE",54.1,33,"Idaho",10,43.08333,-115.58333,"Pacific",5,"D","Public",4,6,2012,87.2456798258986,121.803428054493,0.179160981274496,0.930468863405429,0.022209319204529,-0.9082595442009,-0.607611894607544,-1.42673826217651,-0.54617577791214,-3.22042989730835,-0.692401885986328,2.14142966270447,1.65844535827637,1.93870401382446,3.48438835144043,1.44114744663239,0.85137414932251,1,1,43.5833333333333,-116.416666666667,43.0833333333333,-115.583333333333,129.132134125274,87.481353106765,"Public"
"298",5204,"M",26,7,2011,10,61,"New York",44.75,-74.58333,"Atlantic","SW",170.6,61,"New York",0,43.19557,-77.25177,"Atlantic",7,"A","Bander",17,4,2012,275.072133369566,-127.957784951883,0.147118594861373,0.315865873131079,0.544346058934533,0.228480185803455,1.81263864040375,3.03360462188721,1.6606947183609,0.696236193180084,2.01419305801392,0.794616460800171,7.20698738098145,5.649338722229,2.709636926651,3.37611246109009,-0.982988774776459,1,1,44.75,-74.5833333333333,43.25,-77.25,-126.995317908456,271.128080117264,"Researcher"
"299",5207,"U",21,6,2012,0,50,"Minnesota",48.18083,-96.63111,"Mississippi","SSE",232.4,50,"Minnesota",0,45.065,-94.77806,"Mississippi",4,"D","Bander",17,4,2013,374.285398193155,157.040712316728,0.651732575741866,0.941646102482218,0.396574248802439,-0.545071853679779,2.86886262893677,1.71439635753632,2.61033582687378,1.58914017677307,3.07987546920776,1.31248605251312,-2.20454287528992,-3.16071557998657,3.05728769302368,2.79377675056458,-1.05459380149841,1,1,48.25,-96.5833333333333,45.0833333333333,-94.75,157.598665724343,378.919277921016,"Researcher"
"300",5208,"F",14,6,2012,10,59,"New Jersey",40.75,-75.08333,"Atlantic","WSW",29.9,72,"Pennsylvania",0,40.65685,-75.64212,"Atlantic",7,"A","Bander",4,6,2013,48.3435457671005,-102.17286332684,0.447268220239624,0.0656118449702424,0.279430976919727,0.213819131949485,2.16452074050903,3.801593542099,2.31918931007385,2.31318020820618,2.13632893562317,0.769550800323486,-1.38270580768585,0.0206059627234936,2.0038902759552,2.49372172355652,0.0857398509979248,1,1,40.75,-75.0833333333333,40.5833333333333,-75.5833333333333,-113.478755090953,46.1522674998677,"Researcher"
"301",5215,"F",18,6,2013,10,47,"Massachusetts",42.41667,-72.58333,"Atlantic","SW",350.7,88,"Virginia",0,38.93582,-77.464,"Atlantic",5,"D","Public",7,4,2014,565.21839113489,-131.516125088165,0.229889513827768,0.615619102917695,0.0116127159239367,-0.604006386993758,2.58217573165894,0.66630095243454,3.75125288963318,1.37686574459076,1.52139449119568,-0.226584658026695,-2.52789878845215,-4.19138288497925,-0.784993171691895,-1.00700795650482,1.36091792583466,1,1,42.4166666666667,-72.5833333333333,38.9166666666667,-77.4166666666667,-131.963652279489,563.811990563738,"Public"
"302",5223,"U",19,6,2012,0,58,"New Hampshire",43.12361,-70.98556,"Atlantic","S",91.8,47,"Massachusetts",0,41.80816,-70.72429,"Atlantic",7,"A","Bander",9,4,2013,147.694493948924,171.546068759447,0.0782314862622673,0.228189867905356,0.349397590361446,0.121207722456089,1.45288252830505,3.21963357925415,1.46005642414093,1.4131932258606,1.48498845100403,2.02337980270386,0.459319412708282,1.66723895072937,1.19718837738037,1.43808794021606,3.12363386154175,1,1,43.0833333333333,-70.9166666666667,41.75,-70.75,174.65195200993,148.74234785645,"Researcher"
"303",5225,"M",26,6,2012,10,18,"Connecticut",41.58333,-73.41667,"Atlantic","ENE",48.1,18,"Connecticut",0,41.9132,-72.59386,"Atlantic",7,"A","Public",17,4,2013,77.62792962152,61.564388131304,0.116304575732649,0.061837712294963,0.102917694875889,0.0410799825809261,1.84627258777618,3.67425799369812,1.94340991973877,1.83955276012421,1.82599174976349,1.32262349128723,-0.652411639690399,0.385452508926392,1.87961494922638,2.33398842811584,3.28316211700439,1,1,41.5833333333333,-73.4166666666667,41.9166666666667,-72.5833333333333,61.6141796591057,78.5795281021542,"Public"
"304",5229,"F",22,6,2012,0,69,"Oregon",44.44167,-121.40611,"Pacific","S",0.6,69,"Oregon",0,44.43269,-121.40634,"Pacific",7,"A","Public",11,5,2013,0.998032605858733,-178.948624688969,0.313640102578991,0.274640731601103,0.31557555523298,0,NA,NA,NA,NA,NA,0,NA,NA,NA,NA,NA,0,0,44.4166666666667,-121.416666666667,44.4166666666667,-121.416666666667,NA,0,"Public"
"305",5235,"F",21,6,2013,0,59,"New Jersey",40.47694,-74.83833,"Atlantic","NNW",34.2,72,"Pennsylvania",0,40.90951,-75.15619,"Atlantic",7,"A","Bander",23,6,2014,55.0388412920616,-29.1150259305044,0.362457213229131,0.47887937291334,0.248076643925098,-0.230802728988242,2.00504875183105,0.668093979358673,3.16608595848083,0.392616093158722,1.02772426605225,-1.0932959318161,-1.82671892642975,-2.90577101707458,-1.23180902004242,-2.545334815979,3.2202889919281,1,1,40.4166666666667,-74.9166666666667,40.9166666666667,-75.0833333333333,-14.1877046076747,57.2843084479295,"Researcher"
"306",5237,"F",21,6,2013,0,59,"New Jersey",40.6825,-74.72389,"Atlantic","SSW",84.5,59,"New Jersey",0,39.6285,-75.53587,"Atlantic",5,"D","Public",4,4,2014,135.949884440994,-149.149365113153,0.15793907004226,0.468137610683699,0.0759181303527362,-0.392219480330962,2.00504875183105,0.668093979358673,3.16608595848083,0.392616093158722,1.02772426605225,-1.0932959318161,-1.82671892642975,-2.90577101707458,-1.23180902004242,-2.545334815979,3.2202889919281,1,1,40.75,-74.75,39.5833333333333,-75.5833333333333,-151.008321231948,147.717408264463,"Public"
"307",5238,"F",28,6,2013,0,59,"New Jersey",40.4225,-74.98306,"Atlantic","NNE",59.9,59,"New Jersey",0,41.23256,-74.57171,"Atlantic",7,"A","Bander",20,5,2014,96.4174951743905,20.9587292087752,0.261792551733037,0.457541007403106,0.632602699956452,0.175061692553346,2.00504875183105,0.668093979358673,3.16608595848083,0.392616093158722,1.02772426605225,-1.0932959318161,-1.82671892642975,-2.90577101707458,-1.23180902004242,-2.545334815979,1.5382251739502,1,1,40.4166666666667,-74.9166666666667,41.25,-74.5833333333333,16.7906938740353,96.7186987424989,"Researcher"
"308",5247,"M",6,7,2013,10,91,"Wisconsin",44.25,-89.58333,"Mississippi",NA,0,91,"Wisconsin",10,44.25,-89.58333,"Mississippi",7,"A","Bander",15,6,2014,0,NA,0.313640102578991,0.274640731601103,0.31557555523298,0,NA,NA,NA,NA,NA,0,NA,NA,NA,NA,NA,0,0,44.25,-89.5833333333333,44.25,-89.5833333333333,NA,0,"Researcher"
"309",5253,"F",28,6,2013,10,61,"New York",44.91667,-74.58333,"Atlantic","ESE",75.2,87,"Vermont",0,44.62216,-73.10661,"Atlantic",5,"D","Public",20,7,2014,121.393664764592,105.119522751758,0.131234856013489,0.472492379155175,0.256060386122804,-0.21643199303237,1.57278478145599,1.57654476165771,2.19416213035583,2.17890548706055,1.0651398897171,0.106870129704475,-3.59412097930908,-5.77180767059326,-0.825801134109497,-0.831786274909973,1.46134507656097,1,1,44.9166666666667,-74.5833333333333,44.5833333333333,-73.0833333333333,106.790967652819,124.422986721427,"Public"
"310",5264,"M",19,6,2013,1,33,"Idaho",43.525,-116.25833,"Pacific","W",2.8,33,"Idaho",0,43.52194,-116.31444,"Pacific",7,"A","Bander",9,5,2014,4.54895430267702,-94.2667880818495,0.313640102578991,0.274640731601103,0.31557555523298,0.371461750616925,NA,NA,NA,NA,NA,0,NA,NA,NA,NA,NA,0,0,43.5833333333333,-116.25,43.5833333333333,-116.25,NA,0,"Researcher"
"311",5329,"M",27,5,2015,10,91,"Wisconsin",44.25,-89.58333,"Mississippi","N",11.5,91,"Wisconsin",10,44.41667,-89.58333,"Mississippi",7,"A","Other",23,5,2016,18.5201623607886,0,0.780939017112627,0.581216431993032,0.914211061111918,0.332994629118885,-0.0687522515654564,1.46165370941162,-0.162307024002075,1.29371082782745,-0.274827182292938,-0.804390430450439,4.60360622406006,5.46062707901001,1.38282823562622,3.27543663978577,-0.253159731626511,0,0,44.25,-89.58333,44.41667,-89.58333,0,18.5201623607886,"Public"
